file,timestamp,unit_type,segment_id,attempt,status,verdict,elapsed_ms,error_class,raw_chars,n_items
20260919T165457.988ZZ_01M2X9FBP4NX45QRYTP3BTZFB3_MultipleChoiceQuiz_seed1258_attempt0_response.json,2026-09-19T16:54:57.988341626Z,MultipleChoiceQuiz,01M2X9FAR5DN3V87AN6GN3ZWEG,0,error,,855,401_missing_api_key,0,
20260919T165457.998ZZ_01M2X9FBPE14RPEVJ36XVQXFVN_MultipleChoiceQuiz_seed1251_attempt0_response.json,2026-09-19T16:54:57.998785323Z,MultipleChoiceQuiz,01M2X9FAR55QXC5214YKSQ4XZF,0,error,,869,401_missing_api_key,0,
20260919T165457.998ZZ_01M2X9FBPEKEQKV1BT0RM4K2ZH_CompletionQuiz_seed1254_attempt0_response.json,2026-09-19T16:54:57.998795302Z,CompletionQuiz,01M2X9FAR5DCGN583YX2EF3S87,0,error,,867,401_missing_api_key,0,
20260919T165458.007ZZ_01M2X9FBPQHEZQ7TC8SDSBBEHA_CompletionQuiz_seed1251_attempt0_response.json,2026-09-19T16:54:58.00738382Z,CompletionQuiz,01M2X9FAR55QXC5214YKSQ4XZF,0,error,,874,401_missing_api_key,0,
20260919T165458.019ZZ_01M2X9FBQ30D73Q98TTR81B151_EssayQuiz_seed1254_attempt0_response.json,2026-09-19T16:54:58.019528053Z,EssayQuiz,01M2X9FAR5DCGN583YX2EF3S87,0,error,,890,401_missing_api_key,0,
20260919T165458.019ZZ_01M2X9FBQ3NTPE1C480ESJGWA2_MultipleChoiceQuiz_seed1254_attempt0_response.json,2026-09-19T16:54:58.019466472Z,MultipleChoiceQuiz,01M2X9FAR5DCGN583YX2EF3S87,0,error,,887,401_missing_api_key,0,
20260919T165458.038ZZ_01M2X9FBQPTG4PD6GKH52FFGZX_EssayQuiz_seed1251_attempt0_response.json,2026-09-19T16:54:58.03860742Z,EssayQuiz,01M2X9FAR55QXC5214YKSQ4XZF,0,error,,909,401_missing_api_key,0,
20260919T165458.041ZZ_01M2X9FBQSH4HV3TVMHAFTED1Q_EssayQuiz_seed1258_attempt0_response.json,2026-09-19T16:54:58.041436812Z,EssayQuiz,01M2X9FAR5DN3V87AN6GN3ZWEG,0,error,,911,401_missing_api_key,0,
20260919T165458.525ZZ_01M2X9FC6X6ASR7W0M9M9PFTM3_MultipleChoiceQuiz_seed1258_attempt1_response.json,2026-09-19T16:54:58.525176808Z,MultipleChoiceQuiz,01M2X9FAR5DN3V87AN6GN3ZWEG,1,error,,1392,401_missing_api_key,0,
20260919T165458.531ZZ_01M2X9FC73FMZ179B2AWTK08A0_MultipleChoiceQuiz_seed1254_attempt1_response.json,2026-09-19T16:54:58.531509514Z,MultipleChoiceQuiz,01M2X9FAR5DCGN583YX2EF3S87,1,error,,1399,401_missing_api_key,0,
20260919T165458.545ZZ_01M2X9FC7HG7BRP11YPFDRZGMQ_EssayQuiz_seed1254_attempt1_response.json,2026-09-19T16:54:58.541211013Z,EssayQuiz,01M2X9FAR5DCGN583YX2EF3S87,1,error,,1415,401_missing_api_key,0,
20260919T165458.546ZZ_01M2X9FC7JSK0GG58W65XVZ94P_CompletionQuiz_seed1251_attempt1_response.json,2026-09-19T16:54:58.546735242Z,CompletionQuiz,01M2X9FAR55QXC5214YKSQ4XZF,1,error,,1414,401_missing_api_key,0,
20260919T165458.552ZZ_01M2X9FC7RAXEDEJT9M2GES7VM_EssayQuiz_seed1251_attempt1_response.json,2026-09-19T16:54:58.542945792Z,EssayQuiz,01M2X9FAR55QXC5214YKSQ4XZF,1,error,,1422,401_missing_api_key,0,
20260919T165458.558ZZ_01M2X9FC7Y4KX02YQ36MNP8Z7E_EssayQuiz_seed1258_attempt1_response.json,2026-09-19T16:54:58.558429041Z,EssayQuiz,01M2X9FAR5DN3V87AN6GN3ZWEG,1,error,,1428,401_missing_api_key,0,
20260919T165458.560ZZ_01M2X9FC80HRRBSBCA9JG49TKC_MultipleChoiceQuiz_seed1251_attempt1_response.json,2026-09-19T16:54:58.560304455Z,MultipleChoiceQuiz,01M2X9FAR55QXC5214YKSQ4XZF,1,error,,1430,401_missing_api_key,0,
20260919T165458.588ZZ_01M2X9FC8WVFEPFBVARAZ401TS_CompletionQuiz_seed1254_attempt1_response.json,2026-09-19T16:54:58.586161186Z,CompletionQuiz,01M2X9FAR5DCGN583YX2EF3S87,1,error,,1454,401_missing_api_key,0,
20260919T165459.271ZZ_01M2X9FCY750JVTE664BSQ31G3_EssayQuiz_seed1251_attempt2_response.json,2026-09-19T16:54:59.270997122Z,EssayQuiz,01M2X9FAR55QXC5214YKSQ4XZF,2,error,,2141,401_missing_api_key,0,
20260919T165459.279ZZ_01M2X9FCYFQV73Z8P2ATFQTT28_EssayQuiz_seed1258_attempt2_response.json,2026-09-19T16:54:59.278797956Z,EssayQuiz,01M2X9FAR5DN3V87AN6GN3ZWEG,2,error,,2149,401_missing_api_key,0,
20260919T165459.280ZZ_01M2X9FCYGVF0Q60MV0KKTQ5QQ_MultipleChoiceQuiz_seed1251_attempt2_response.json,2026-09-19T16:54:59.280204652Z,MultipleChoiceQuiz,01M2X9FAR55QXC5214YKSQ4XZF,2,error,,2150,401_missing_api_key,0,
20260919T165459.289ZZ_01M2X9FCYS1VNAB2P730G8KQYP_EssayQuiz_seed1254_attempt2_response.json,2026-09-19T16:54:59.288522402Z,EssayQuiz,01M2X9FAR5DCGN583YX2EF3S87,2,error,,2160,401_missing_api_key,0,
20260919T165459.295ZZ_01M2X9FCYZ0MWAVK67K77GJD06_CompletionQuiz_seed1251_attempt2_response.json,2026-09-19T16:54:59.293885652Z,CompletionQuiz,01M2X9FAR55QXC5214YKSQ4XZF,2,error,,2161,401_missing_api_key,0,
20260919T165459.295ZZ_01M2X9FCYZZ60TBGWJKMS764RM_MultipleChoiceQuiz_seed1254_attempt2_response.json,2026-09-19T16:54:59.295424792Z,MultipleChoiceQuiz,01M2X9FAR5DCGN583YX2EF3S87,2,error,,2163,401_missing_api_key,0,
20260919T165459.297ZZ_01M2X9FCZ1J57PTJ49R4X2PAPC_MultipleChoiceQuiz_seed1258_attempt2_response.json,2026-09-19T16:54:59.294739973Z,MultipleChoiceQuiz,01M2X9FAR5DN3V87AN6GN3ZWEG,2,error,,2161,401_missing_api_key,0,
20260919T165459.315ZZ_01M2X9FCZK38AB48382M6CCE7H_CompletionQuiz_seed1254_attempt2_response.json,2026-09-19T16:54:59.313352136Z,CompletionQuiz,01M2X9FAR5DCGN583YX2EF3S87,2,error,,2182,401_missing_api_key,0,
20260919T165459.596ZZ_01M2X9FD8C1BE4B2KVB5X925P7_CompletionQuiz_seed1258_attempt0_response.json,2026-09-19T16:54:59.596133984Z,CompletionQuiz,01M2X9FAR5DN3V87AN6GN3ZWEG,0,error,,321,401_missing_api_key,0,
20260919T165459.610ZZ_01M2X9FD8T791DQWNNS4NW95MW_EssayQuiz_seed1261_attempt0_response.json,2026-09-19T16:54:59.61078054Z,EssayQuiz,01M2X9FAR52E8ZKPY60TPTRSJS,0,error,,328,401_missing_api_key,0,
20260919T165459.616ZZ_01M2X9FD90TJG3HW0HRNVVP80J_MultipleChoiceQuiz_seed1261_attempt0_response.json,2026-09-19T16:54:59.616180344Z,MultipleChoiceQuiz,01M2X9FAR52E8ZKPY60TPTRSJS,0,error,,335,401_missing_api_key,0,
20260919T165459.623ZZ_01M2X9FD97WAQ37MZB6A9KQFBT_MultipleChoiceQuiz_seed1265_attempt0_response.json,2026-09-19T16:54:59.623186778Z,MultipleChoiceQuiz,01M2X9FAR56CJAY47ADAPAH7M3,0,error,,321,401_missing_api_key,0,
20260919T165459.629ZZ_01M2X9FD9DKPW1HD2PEG1TGQXT_CompletionQuiz_seed1265_attempt0_response.json,2026-09-19T16:54:59.62974377Z,CompletionQuiz,01M2X9FAR56CJAY47ADAPAH7M3,0,error,,326,401_missing_api_key,0,
20260919T165459.629ZZ_01M2X9FD9DQJPCQT4R1AFXSXXG_EssayQuiz_seed1265_attempt0_response.json,2026-09-19T16:54:59.629733818Z,EssayQuiz,01M2X9FAR56CJAY47ADAPAH7M3,0,error,,329,401_missing_api_key,0,
20260919T165459.635ZZ_01M2X9FD9KGNE2912DRM6FY3SE_CompletionQuiz_seed1261_attempt0_response.json,2026-09-19T16:54:59.635553916Z,CompletionQuiz,01M2X9FAR52E8ZKPY60TPTRSJS,0,error,,340,401_missing_api_key,0,
20260919T165459.658ZZ_01M2X9FDAA3BW91B9WCPXNS17E_MultipleChoiceQuiz_seed1268_attempt0_response.json,2026-09-19T16:54:59.658386774Z,MultipleChoiceQuiz,01M2X9FAR5F5ETPWE4XBT5W9NP,0,error,,339,401_missing_api_key,0,
20260919T165500.132ZZ_01M2X9FDS4A1NFCTRKSJTWZEQS_CompletionQuiz_seed1258_attempt1_response.json,2026-09-19T16:55:00.132703Z,CompletionQuiz,01M2X9FAR5DN3V87AN6GN3ZWEG,1,error,,858,401_missing_api_key,0,
20260919T165500.132ZZ_01M2X9FDS4ZXZHFN9XTZ1T67XZ_EssayQuiz_seed1261_attempt1_response.json,2026-09-19T16:55:00.132702663Z,EssayQuiz,01M2X9FAR52E8ZKPY60TPTRSJS,1,error,,849,401_missing_api_key,0,
20260919T165500.142ZZ_01M2X9FDSEASK29E90JKNMRVM2_MultipleChoiceQuiz_seed1261_attempt1_response.json,2026-09-19T16:55:00.142015626Z,MultipleChoiceQuiz,01M2X9FAR52E8ZKPY60TPTRSJS,1,error,,861,401_missing_api_key,0,
20260919T165500.144ZZ_01M2X9FDSG7T67HBJ9MTMNE055_CompletionQuiz_seed1265_attempt1_response.json,2026-09-19T16:55:00.14419295Z,CompletionQuiz,01M2X9FAR56CJAY47ADAPAH7M3,1,error,,841,401_missing_api_key,0,
20260919T165500.145ZZ_01M2X9FDSH96TZNBD3JKPS3XCM_CompletionQuiz_seed1261_attempt1_response.json,2026-09-19T16:55:00.145205667Z,CompletionQuiz,01M2X9FAR52E8ZKPY60TPTRSJS,1,error,,850,401_missing_api_key,0,
20260919T165500.146ZZ_01M2X9FDSJT5CJRVQ0JA0SY154_EssayQuiz_seed1265_attempt1_response.json,2026-09-19T16:55:00.146476353Z,EssayQuiz,01M2X9FAR56CJAY47ADAPAH7M3,1,error,,846,401_missing_api_key,0,
20260919T165500.165ZZ_01M2X9FDT54968AJQ4Z8HNZA4Q_MultipleChoiceQuiz_seed1265_attempt1_response.json,2026-09-19T16:55:00.164872652Z,MultipleChoiceQuiz,01M2X9FAR56CJAY47ADAPAH7M3,1,error,,863,401_missing_api_key,0,
20260919T165500.372ZZ_01M2X9FE0M6F0GW0AQZK7XW2P4_MultipleChoiceQuiz_seed1268_attempt1_response.json,2026-09-19T16:55:00.371838836Z,MultipleChoiceQuiz,01M2X9FAR5F5ETPWE4XBT5W9NP,1,error,,1053,401_missing_api_key,0,
20260919T165500.887ZZ_01M2X9FEGQ19VFHJQCAJGF1JMJ_EssayQuiz_seed1261_attempt2_response.json,2026-09-19T16:55:00.887139179Z,EssayQuiz,01M2X9FAR52E8ZKPY60TPTRSJS,2,error,,1604,401_missing_api_key,0,
20260919T165500.887ZZ_01M2X9FEGQDKFCXRQNQMETYEGF_MultipleChoiceQuiz_seed1261_attempt2_response.json,2026-09-19T16:55:00.887139232Z,MultipleChoiceQuiz,01M2X9FAR52E8ZKPY60TPTRSJS,2,error,,1606,401_missing_api_key,0,
20260919T165500.892ZZ_01M2X9FEGWD3ZHEWJ7P9G48P27_CompletionQuiz_seed1258_attempt2_response.json,2026-09-19T16:55:00.891957752Z,CompletionQuiz,01M2X9FAR5DN3V87AN6GN3ZWEG,2,error,,1617,401_missing_api_key,0,
20260919T165500.898ZZ_01M2X9FEH26WFZG8FWJDP9KH3H_CompletionQuiz_seed1261_attempt2_response.json,2026-09-19T16:55:00.897601001Z,CompletionQuiz,01M2X9FAR52E8ZKPY60TPTRSJS,2,error,,1602,401_missing_api_key,0,
20260919T165500.898ZZ_01M2X9FEH2NBJBRWYHCT3CYG8Y_CompletionQuiz_seed1265_attempt2_response.json,2026-09-19T16:55:00.896925153Z,CompletionQuiz,01M2X9FAR56CJAY47ADAPAH7M3,2,error,,1595,401_missing_api_key,0,
20260919T165500.907ZZ_01M2X9FEHBQ3N8A51S7FCTZYSQ_EssayQuiz_seed1265_attempt2_response.json,2026-09-19T16:55:00.907186374Z,EssayQuiz,01M2X9FAR56CJAY47ADAPAH7M3,2,error,,1607,401_missing_api_key,0,
20260919T165500.910ZZ_01M2X9FEHEMHE9TB2XW038GZMP_MultipleChoiceQuiz_seed1265_attempt2_response.json,2026-09-19T16:55:00.908448991Z,MultipleChoiceQuiz,01M2X9FAR56CJAY47ADAPAH7M3,2,error,,1607,401_missing_api_key,0,
20260919T165501.090ZZ_01M2X9FEQ2E8C9KWQNXP2PEWQT_MultipleChoiceQuiz_seed1268_attempt2_response.json,2026-09-19T16:55:01.089942598Z,MultipleChoiceQuiz,01M2X9FAR5F5ETPWE4XBT5W9NP,2,error,,1771,401_missing_api_key,0,
20260919T165501.213ZZ_01M2X9FETXRQVJEP3ZE0MWKXEV_EssayQuiz_seed1268_attempt0_response.json,2026-09-19T16:55:01.212417174Z,EssayQuiz,01M2X9FAR5F5ETPWE4XBT5W9NP,0,error,,319,401_missing_api_key,0,
20260919T165501.214ZZ_01M2X9FETYR11RRZR5SH19TKK5_MultipleChoiceQuiz_seed1272_attempt0_response.json,2026-09-19T16:55:01.213683827Z,MultipleChoiceQuiz,01M2X9FAR5MQGEA4E90KBAD09X,0,error,,312,401_missing_api_key,0,
20260919T165501.228ZZ_01M2X9FEVC0XKYDN0PPJ45EFVD_CompletionQuiz_seed1268_attempt0_response.json,2026-09-19T16:55:01.227714202Z,CompletionQuiz,01M2X9FAR5F5ETPWE4XBT5W9NP,0,error,,329,401_missing_api_key,0,
20260919T165501.232ZZ_01M2X9FEVGBRWBDW800BQHKVFV_EssayQuiz_seed1272_attempt0_response.json,2026-09-19T16:55:01.232304293Z,EssayQuiz,01M2X9FAR5MQGEA4E90KBAD09X,0,error,,328,401_missing_api_key,0,
20260919T165501.233ZZ_01M2X9FEVH3WRXT7FD03YGNGFS_MultipleChoiceQuiz_seed1275_attempt0_response.json,2026-09-19T16:55:01.232764042Z,MultipleChoiceQuiz,01M2X9FAR54M4VDRKM38E24AS0,0,error,,322,401_missing_api_key,0,
20260919T165501.233ZZ_01M2X9FEVH93V0EB36TCS4HCPW_EssayQuiz_seed1275_attempt0_response.json,2026-09-19T16:55:01.232875101Z,EssayQuiz,01M2X9FAR54M4VDRKM38E24AS0,0,error,,319,401_missing_api_key,0,
20260919T165501.233ZZ_01M2X9FEVHAFQPJBPRMEZZC1DK_CompletionQuiz_seed1272_attempt0_response.json,2026-09-19T16:55:01.233716325Z,CompletionQuiz,01M2X9FAR5MQGEA4E90KBAD09X,0,error,,326,401_missing_api_key,0,
20260919T165501.409ZZ_01M2X9FF111NG0MNYQC2FN2S6J_CompletionQuiz_seed1275_attempt0_response.json,2026-09-19T16:55:01.408723343Z,CompletionQuiz,01M2X9FAR54M4VDRKM38E24AS0,0,error,,315,401_missing_api_key,0,
20260919T165501.749ZZ_01M2X9FFBNJDKYKWD8TKH3D38K_MultipleChoiceQuiz_seed1272_attempt1_response.json,2026-09-19T16:55:01.748719554Z,MultipleChoiceQuiz,01M2X9FAR5MQGEA4E90KBAD09X,1,error,,847,401_missing_api_key,0,
20260919T165501.753ZZ_01M2X9FFBSD9DZAW301WHZAE3H_EssayQuiz_seed1268_attempt1_response.json,2026-09-19T16:55:01.753157639Z,EssayQuiz,01M2X9FAR5F5ETPWE4XBT5W9NP,1,error,,860,401_missing_api_key,0,
20260919T165501.756ZZ_01M2X9FFBWCKQ9BT98E37VCE2B_CompletionQuiz_seed1268_attempt1_response.json,2026-09-19T16:55:01.75556413Z,CompletionQuiz,01M2X9FAR5F5ETPWE4XBT5W9NP,1,error,,857,401_missing_api_key,0,
20260919T165501.763ZZ_01M2X9FFC30DEH05Q1C3XSS8QG_MultipleChoiceQuiz_seed1275_attempt1_response.json,2026-09-19T16:55:01.763022462Z,MultipleChoiceQuiz,01M2X9FAR54M4VDRKM38E24AS0,1,error,,852,401_missing_api_key,0,
20260919T165501.774ZZ_01M2X9FFCEN2V1HDHA7PPAW2AV_EssayQuiz_seed1275_attempt1_response.json,2026-09-19T16:55:01.774413658Z,EssayQuiz,01M2X9FAR54M4VDRKM38E24AS0,1,error,,861,401_missing_api_key,0,
20260919T165501.777ZZ_01M2X9FFCHPM7J1544ADH92NWM_CompletionQuiz_seed1272_attempt1_response.json,2026-09-19T16:55:01.777618344Z,CompletionQuiz,01M2X9FAR5MQGEA4E90KBAD09X,1,error,,870,401_missing_api_key,0,
20260919T165501.784ZZ_01M2X9FFCRC8VWT48PNCYYG5W6_EssayQuiz_seed1272_attempt1_response.json,2026-09-19T16:55:01.784493225Z,EssayQuiz,01M2X9FAR5MQGEA4E90KBAD09X,1,error,,880,401_missing_api_key,0,
20260919T165501.933ZZ_01M2X9FFHDHHAKQWNRTZVSNHVZ_CompletionQuiz_seed1275_attempt1_response.json,2026-09-19T16:55:01.93355171Z,CompletionQuiz,01M2X9FAR54M4VDRKM38E24AS0,1,error,,840,401_missing_api_key,0,
20260919T165502.477ZZ_01M2X9FG2D0XH8XFQY4MKJ3YED_EssayQuiz_seed1268_attempt2_response.json,2026-09-19T16:55:02.477639491Z,EssayQuiz,01M2X9FAR5F5ETPWE4XBT5W9NP,2,error,,1584,401_missing_api_key,0,
20260919T165502.488ZZ_01M2X9FG2RAR18G8Y7XRA5SKH0_MultipleChoiceQuiz_seed1272_attempt2_response.json,2026-09-19T16:55:02.488240625Z,MultipleChoiceQuiz,01M2X9FAR5MQGEA4E90KBAD09X,2,error,,1586,401_missing_api_key,0,
20260919T165502.492ZZ_01M2X9FG2WTAY9Q8ZRJ8BT6WGM_CompletionQuiz_seed1272_attempt2_response.json,2026-09-19T16:55:02.491704242Z,CompletionQuiz,01M2X9FAR5MQGEA4E90KBAD09X,2,error,,1584,401_missing_api_key,0,
20260919T165502.524ZZ_01M2X9FG3W66V26QX56XZB3XS4_EssayQuiz_seed1275_attempt2_response.json,2026-09-19T16:55:02.523711319Z,EssayQuiz,01M2X9FAR54M4VDRKM38E24AS0,2,error,,1610,401_missing_api_key,0,
20260919T165502.526ZZ_01M2X9FG3YBCPND39HFRF49TG7_EssayQuiz_seed1272_attempt2_response.json,2026-09-19T16:55:02.52612772Z,EssayQuiz,01M2X9FAR5MQGEA4E90KBAD09X,2,error,,1622,401_missing_api_key,0,
20260919T165502.527ZZ_01M2X9FG3ZB9FFVWQY1Q9D4085_MultipleChoiceQuiz_seed1275_attempt2_response.json,2026-09-19T16:55:02.52705676Z,MultipleChoiceQuiz,01M2X9FAR54M4VDRKM38E24AS0,2,error,,1616,401_missing_api_key,0,
20260919T165502.528ZZ_01M2X9FG40DJH43CJYYSHMKFZ8_CompletionQuiz_seed1268_attempt2_response.json,2026-09-19T16:55:02.528477343Z,CompletionQuiz,01M2X9FAR5F5ETPWE4XBT5W9NP,2,error,,1629,401_missing_api_key,0,
20260919T165502.651ZZ_01M2X9FG7VDCJZA40NMVDQ9D5A_CompletionQuiz_seed1275_attempt2_response.json,2026-09-19T16:55:02.650834062Z,CompletionQuiz,01M2X9FAR54M4VDRKM38E24AS0,2,error,,1557,401_missing_api_key,0,
20260919T165502.826ZZ_01M2X9FGDAFVHMD2ZT9K6DDZ13_MultipleChoiceQuiz_seed1279_attempt0_response.json,2026-09-19T16:55:02.825613313Z,MultipleChoiceQuiz,01M2X9FAR56695QWB7Z9W4T6ZT,0,error,,344,401_missing_api_key,0,
20260919T165502.827ZZ_01M2X9FGDBCJDHP8E31V5DX0NN_CompletionQuiz_seed1279_attempt0_response.json,2026-09-19T16:55:02.827133952Z,CompletionQuiz,01M2X9FAR56695QWB7Z9W4T6ZT,0,error,,331,401_missing_api_key,0,
20260919T165502.828ZZ_01M2X9FGDCYP4BARTFNQBEPBVN_EssayQuiz_seed1279_attempt0_response.json,2026-09-19T16:55:02.828052118Z,EssayQuiz,01M2X9FAR56695QWB7Z9W4T6ZT,0,error,,333,401_missing_api_key,0,
20260919T165502.835ZZ_01M2X9FGDKG0H0VR8ECAC43AFG_EssayQuiz_seed1283_attempt0_response.json,2026-09-19T16:55:02.835451954Z,EssayQuiz,01M2X9FAR52JN9BA350C0M6VJH,0,error,,304,401_missing_api_key,0,
20260919T165502.847ZZ_01M2X9FGDZH0KRRGXXY85Y6J27_MultipleChoiceQuiz_seed1283_attempt0_response.json,2026-09-19T16:55:02.847026422Z,MultipleChoiceQuiz,01M2X9FAR52JN9BA350C0M6VJH,0,error,,319,401_missing_api_key,0,
20260919T165502.848ZZ_01M2X9FGE0HFD8NCE6A72DZF3K_CompletionQuiz_seed1283_attempt0_response.json,2026-09-19T16:55:02.847877461Z,CompletionQuiz,01M2X9FAR52JN9BA350C0M6VJH,0,error,,318,401_missing_api_key,0,
20260919T165502.857ZZ_01M2X9FGE94Z9HX7D7CZ45GGCM_MultipleChoiceQuiz_seed1286_attempt0_response.json,2026-09-19T16:55:02.856709116Z,MultipleChoiceQuiz,01M2X9FAR54M2T6KE6Y2YE8QSC,0,error,,325,401_missing_api_key,0,
20260919T165502.966ZZ_01M2X9FGHPRGV8KA0CEXFZTGRR_EssayQuiz_seed1286_attempt0_response.json,2026-09-19T16:55:02.966531135Z,EssayQuiz,01M2X9FAR54M2T6KE6Y2YE8QSC,0,error,,312,401_missing_api_key,0,
20260919T165503.363ZZ_01M2X9FGY3241AFQ96HW944XNV_EssayQuiz_seed1283_attempt1_response.json,2026-09-19T16:55:03.36260107Z,EssayQuiz,01M2X9FAR52JN9BA350C0M6VJH,1,error,,831,401_missing_api_key,0,
20260919T165503.368ZZ_01M2X9FGY8PM4MD6SBFA1958ZX_MultipleChoiceQuiz_seed1279_attempt1_response.json,2026-09-19T16:55:03.368337037Z,MultipleChoiceQuiz,01M2X9FAR56695QWB7Z9W4T6ZT,1,error,,886,401_missing_api_key,0,
20260919T165503.370ZZ_01M2X9FGYAQFSQZXY6XP7FJG6R_MultipleChoiceQuiz_seed1283_attempt1_response.json,2026-09-19T16:55:03.370397445Z,MultipleChoiceQuiz,01M2X9FAR52JN9BA350C0M6VJH,1,error,,843,401_missing_api_key,0,
20260919T165503.377ZZ_01M2X9FGYH54FD0E64PMD7TP6T_CompletionQuiz_seed1283_attempt1_response.json,2026-09-19T16:55:03.376873689Z,CompletionQuiz,01M2X9FAR52JN9BA350C0M6VJH,1,error,,847,401_missing_api_key,0,
20260919T165503.392ZZ_01M2X9FGZ07QTJFXG76YDQC6TW_EssayQuiz_seed1279_attempt1_response.json,2026-09-19T16:55:03.392134346Z,EssayQuiz,01M2X9FAR56695QWB7Z9W4T6ZT,1,error,,897,401_missing_api_key,0,
20260919T165503.411ZZ_01M2X9FGZKCGEKHVZXG75XDJD0_MultipleChoiceQuiz_seed1286_attempt1_response.json,2026-09-19T16:55:03.411321826Z,MultipleChoiceQuiz,01M2X9FAR54M2T6KE6Y2YE8QSC,1,error,,880,401_missing_api_key,0,
20260919T165503.412ZZ_01M2X9FGZMZMJ61S3FJXCHQFT4_CompletionQuiz_seed1279_attempt1_response.json,2026-09-19T16:55:03.412178761Z,CompletionQuiz,01M2X9FAR56695QWB7Z9W4T6ZT,1,error,,916,401_missing_api_key,0,
20260919T165503.478ZZ_01M2X9FH1P529SJHGTYCE15CN1_EssayQuiz_seed1286_attempt1_response.json,2026-09-19T16:55:03.477924553Z,EssayQuiz,01M2X9FAR54M2T6KE6Y2YE8QSC,1,error,,824,401_missing_api_key,0,
20260919T165504.205ZZ_01M2X9FHRDBND7MTXA23RD5QG9_MultipleChoiceQuiz_seed1286_attempt2_response.json,2026-09-19T16:55:04.205415181Z,MultipleChoiceQuiz,01M2X9FAR54M2T6KE6Y2YE8QSC,2,error,,1674,401_missing_api_key,0,
20260919T165504.209ZZ_01M2X9FHRHQZSZV7SAFZ7NFF4N_EssayQuiz_seed1283_attempt2_response.json,2026-09-19T16:55:04.20951186Z,EssayQuiz,01M2X9FAR52JN9BA350C0M6VJH,2,error,,1678,401_missing_api_key,0,
20260919T165504.213ZZ_01M2X9FHRN1TMW2D73Q5EPA7CC_MultipleChoiceQuiz_seed1283_attempt2_response.json,2026-09-19T16:55:04.213265517Z,MultipleChoiceQuiz,01M2X9FAR52JN9BA350C0M6VJH,2,error,,1685,401_missing_api_key,0,
20260919T165504.214ZZ_01M2X9FHRPHK6V7MTFMZYPJQZT_MultipleChoiceQuiz_seed1279_attempt2_response.json,2026-09-19T16:55:04.214655535Z,MultipleChoiceQuiz,01M2X9FAR56695QWB7Z9W4T6ZT,2,error,,1733,401_missing_api_key,0,
20260919T165504.220ZZ_01M2X9FHRW89XZ94BF9PQM2NFX_CompletionQuiz_seed1279_attempt2_response.json,2026-09-19T16:55:04.220036644Z,CompletionQuiz,01M2X9FAR56695QWB7Z9W4T6ZT,2,error,,1724,401_missing_api_key,0,
20260919T165504.225ZZ_01M2X9FHS1YMFGKN4CRKVQ7QJ3_EssayQuiz_seed1279_attempt2_response.json,2026-09-19T16:55:04.225142793Z,EssayQuiz,01M2X9FAR56695QWB7Z9W4T6ZT,2,error,,1730,401_missing_api_key,0,
20260919T165504.226ZZ_01M2X9FHS2KW1YZPGB5D64GTB7_EssayQuiz_seed1286_attempt2_response.json,2026-09-19T16:55:04.226464993Z,EssayQuiz,01M2X9FAR54M2T6KE6Y2YE8QSC,2,error,,1572,401_missing_api_key,0,
20260919T165504.242ZZ_01M2X9FHSJ2CB01GCAFZW8PF12_CompletionQuiz_seed1283_attempt2_response.json,2026-09-19T16:55:04.241955587Z,CompletionQuiz,01M2X9FAR52JN9BA350C0M6VJH,2,error,,1712,401_missing_api_key,0,
20260919T165504.549ZZ_01M2X9FJ35DGJG7PBXYMP1HRX2_MultipleChoiceQuiz_seed1290_attempt0_response.json,2026-09-19T16:55:04.549226404Z,MultipleChoiceQuiz,01M2X9FAR517YZKGR60W95Y1VG,0,error,,332,401_missing_api_key,0,
20260919T165504.549ZZ_01M2X9FJ35X0RNT40YZ4W7QR0R_CompletionQuiz_seed1290_attempt0_response.json,2026-09-19T16:55:04.54893685Z,CompletionQuiz,01M2X9FAR517YZKGR60W95Y1VG,0,error,,329,401_missing_api_key,0,
20260919T165504.550ZZ_01M2X9FJ36MBSWR5HFBE7K52XV_EssayQuiz_seed1293_attempt0_response.json,2026-09-19T16:55:04.550636737Z,EssayQuiz,01M2X9FAR5NGA8D43C6E8QW1D8,0,error,,323,401_missing_api_key,0,
20260919T165504.550ZZ_01M2X9FJ36WSG7XC7W63XN0QH3_MultipleChoiceQuiz_seed1293_attempt0_response.json,2026-09-19T16:55:04.550270861Z,MultipleChoiceQuiz,01M2X9FAR5NGA8D43C6E8QW1D8,0,error,,326,401_missing_api_key,0,
20260919T165504.560ZZ_01M2X9FJ3GXZHB4HP79YH3Y6FV_EssayQuiz_seed1290_attempt0_response.json,2026-09-19T16:55:04.560007158Z,EssayQuiz,01M2X9FAR517YZKGR60W95Y1VG,0,error,,343,401_missing_api_key,0,
20260919T165504.565ZZ_01M2X9FJ3NZV6PZFJ02F30P7PT_CompletionQuiz_seed1286_attempt0_response.json,2026-09-19T16:55:04.565436474Z,CompletionQuiz,01M2X9FAR54M2T6KE6Y2YE8QSC,0,error,,351,401_missing_api_key,0,
20260919T165504.566ZZ_01M2X9FJ3P0RNGQP8WJWQ4ECS5_CompletionQuiz_seed1293_attempt0_response.json,2026-09-19T16:55:04.566167111Z,CompletionQuiz,01M2X9FAR5NGA8D43C6E8QW1D8,0,error,,337,401_missing_api_key,0,
20260919T165504.580ZZ_01M2X9FJ44A62KYC3PPPX394QG_MultipleChoiceQuiz_seed1297_attempt0_response.json,2026-09-19T16:55:04.579801313Z,MultipleChoiceQuiz,01M2X9FAR5ZYQ6ZXNSYR6RWCW5,0,error,,335,401_missing_api_key,0,
20260919T165505.133ZZ_01M2X9FJNDAKQCCFQGD8W9XC9K_CompletionQuiz_seed1293_attempt1_response.json,2026-09-19T16:55:05.133103605Z,CompletionQuiz,01M2X9FAR5NGA8D43C6E8QW1D8,1,error,,904,401_missing_api_key,0,
20260919T165505.142ZZ_01M2X9FJNQT2AHZZWN2EW55E4W_CompletionQuiz_seed1286_attempt1_response.json,2026-09-19T16:55:05.142602746Z,CompletionQuiz,01M2X9FAR54M2T6KE6Y2YE8QSC,1,error,,928,401_missing_api_key,0,
20260919T165505.145ZZ_01M2X9FJNS1GMPWMD65EN6MHA5_CompletionQuiz_seed1290_attempt1_response.json,2026-09-19T16:55:05.145338949Z,CompletionQuiz,01M2X9FAR517YZKGR60W95Y1VG,1,error,,925,401_missing_api_key,0,
20260919T165505.147ZZ_01M2X9FJNVH2DQH8S80ZS217TJ_EssayQuiz_seed1290_attempt1_response.json,2026-09-19T16:55:05.147133584Z,EssayQuiz,01M2X9FAR517YZKGR60W95Y1VG,1,error,,930,401_missing_api_key,0,
20260919T165505.147ZZ_01M2X9FJNVNHHBM189EF04HMXN_MultipleChoiceQuiz_seed1297_attempt1_response.json,2026-09-19T16:55:05.14713358Z,MultipleChoiceQuiz,01M2X9FAR5ZYQ6ZXNSYR6RWCW5,1,error,,903,401_missing_api_key,0,
20260919T165505.147ZZ_01M2X9FJNVY2T8DG5664Z5XT4X_EssayQuiz_seed1293_attempt1_response.json,2026-09-19T16:55:05.147300833Z,EssayQuiz,01M2X9FAR5NGA8D43C6E8QW1D8,1,error,,920,401_missing_api_key,0,
20260919T165505.156ZZ_01M2X9FJP48PJ9D21YFXBKF6FK_MultipleChoiceQuiz_seed1293_attempt1_response.json,2026-09-19T16:55:05.155615942Z,MultipleChoiceQuiz,01M2X9FAR5NGA8D43C6E8QW1D8,1,error,,932,401_missing_api_key,0,
20260919T165505.161ZZ_01M2X9FJP9BF5MRWQAW718905W_MultipleChoiceQuiz_seed1290_attempt1_response.json,2026-09-19T16:55:05.160722696Z,MultipleChoiceQuiz,01M2X9FAR517YZKGR60W95Y1VG,1,error,,943,401_missing_api_key,0,
20260919T165505.859ZZ_01M2X9FKC3K0FMHWN62H5JABZB_CompletionQuiz_seed1290_attempt2_response.json,2026-09-19T16:55:05.858775487Z,CompletionQuiz,01M2X9FAR517YZKGR60W95Y1VG,2,error,,1639,401_missing_api_key,0,
20260919T165505.862ZZ_01M2X9FKC69SM5MSFS28YEKBB3_MultipleChoiceQuiz_seed1293_attempt2_response.json,2026-09-19T16:55:05.860851235Z,MultipleChoiceQuiz,01M2X9FAR5NGA8D43C6E8QW1D8,2,error,,1637,401_missing_api_key,0,
20260919T165505.865ZZ_01M2X9FKC9Z7HWAYG1S0JND9S5_EssayQuiz_seed1290_attempt2_response.json,2026-09-19T16:55:05.865497001Z,EssayQuiz,01M2X9FAR517YZKGR60W95Y1VG,2,error,,1649,401_missing_api_key,0,
20260919T165505.866ZZ_01M2X9FKCAA6TTZ6X80KNVW5KX_EssayQuiz_seed1293_attempt2_response.json,2026-09-19T16:55:05.866548565Z,EssayQuiz,01M2X9FAR5NGA8D43C6E8QW1D8,2,error,,1639,401_missing_api_key,0,
20260919T165505.867ZZ_01M2X9FKCBX03KPGHM5RZTG3ST_MultipleChoiceQuiz_seed1290_attempt2_response.json,2026-09-19T16:55:05.865625967Z,MultipleChoiceQuiz,01M2X9FAR517YZKGR60W95Y1VG,2,error,,1648,401_missing_api_key,0,
20260919T165505.870ZZ_01M2X9FKCE5VVNTHK2FN9ZY9DS_CompletionQuiz_seed1293_attempt2_response.json,2026-09-19T16:55:05.870617644Z,CompletionQuiz,01M2X9FAR5NGA8D43C6E8QW1D8,2,error,,1641,401_missing_api_key,0,
20260919T165505.870ZZ_01M2X9FKCEQK54YM8TNFKFT2TA_MultipleChoiceQuiz_seed1297_attempt2_response.json,2026-09-19T16:55:05.870505678Z,MultipleChoiceQuiz,01M2X9FAR5ZYQ6ZXNSYR6RWCW5,2,error,,1626,401_missing_api_key,0,
20260919T165505.905ZZ_01M2X9FKDH85XPNQAYQFDWKFX8_CompletionQuiz_seed1286_attempt2_response.json,2026-09-19T16:55:05.905461809Z,CompletionQuiz,01M2X9FAR54M2T6KE6Y2YE8QSC,2,error,,1691,401_missing_api_key,0,
20260919T165506.175ZZ_01M2X9FKNZMR9NKTP9Y5EG36KK_EssayQuiz_seed1304_attempt0_response.json,2026-09-19T16:55:06.17542793Z,EssayQuiz,01M2X9FAR5MYBRF17R9RW5Z6ZF,0,error,,303,401_missing_api_key,0,
20260919T165506.177ZZ_01M2X9FKP1B9VV2QK50HN0XTDA_CompletionQuiz_seed1297_attempt0_response.json,2026-09-19T16:55:06.177249448Z,CompletionQuiz,01M2X9FAR5ZYQ6ZXNSYR6RWCW5,0,error,,311,401_missing_api_key,0,
20260919T165506.178ZZ_01M2X9FKP2GJ1MAZAJEED4FF9W_EssayQuiz_seed1297_attempt0_response.json,2026-09-19T16:55:06.177812437Z,EssayQuiz,01M2X9FAR5ZYQ6ZXNSYR6RWCW5,0,error,,314,401_missing_api_key,0,
20260919T165506.178ZZ_01M2X9FKP2VHRF41YV6KATZQSB_CompletionQuiz_seed1300_attempt0_response.json,2026-09-19T16:55:06.177942898Z,CompletionQuiz,01M2X9FAR5JEW6PKQ3EYJTMHXW,0,error,,309,401_missing_api_key,0,
20260919T165506.181ZZ_01M2X9FKP5WKMPKGV6THB22D6P_MultipleChoiceQuiz_seed1300_attempt0_response.json,2026-09-19T16:55:06.181500795Z,MultipleChoiceQuiz,01M2X9FAR5JEW6PKQ3EYJTMHXW,0,error,,313,401_missing_api_key,0,
20260919T165506.185ZZ_01M2X9FKP9NCET72GCG2MXSZ83_EssayQuiz_seed1300_attempt0_response.json,2026-09-19T16:55:06.185094511Z,EssayQuiz,01M2X9FAR5JEW6PKQ3EYJTMHXW,0,error,,311,401_missing_api_key,0,
20260919T165506.196ZZ_01M2X9FKPMRM122QRADNYJVTA2_MultipleChoiceQuiz_seed1304_attempt0_response.json,2026-09-19T16:55:06.196268162Z,MultipleChoiceQuiz,01M2X9FAR5MYBRF17R9RW5Z6ZF,0,error,,323,401_missing_api_key,0,
20260919T165506.242ZZ_01M2X9FKR26G50XZGEP1HRD4ET_CompletionQuiz_seed1304_attempt0_response.json,2026-09-19T16:55:06.242631854Z,CompletionQuiz,01M2X9FAR5MYBRF17R9RW5Z6ZF,0,error,,334,401_missing_api_key,0,
20260919T165506.707ZZ_01M2X9FM6K7AGHE0P9HH0Z2RW7_EssayQuiz_seed1300_attempt1_response.json,2026-09-19T16:55:06.706650859Z,EssayQuiz,01M2X9FAR5JEW6PKQ3EYJTMHXW,1,error,,833,401_missing_api_key,0,
20260919T165506.724ZZ_01M2X9FM742YJ1QSS4YRNYPTTS_EssayQuiz_seed1297_attempt1_response.json,2026-09-19T16:55:06.724064994Z,EssayQuiz,01M2X9FAR5ZYQ6ZXNSYR6RWCW5,1,error,,860,401_missing_api_key,0,
20260919T165506.725ZZ_01M2X9FM75KXV7F9GMTYNCF1HM_EssayQuiz_seed1304_attempt1_response.json,2026-09-19T16:55:06.725667251Z,EssayQuiz,01M2X9FAR5MYBRF17R9RW5Z6ZF,1,error,,853,401_missing_api_key,0,
20260919T165506.725ZZ_01M2X9FM75XVX39Q00PCD2DBJ9_MultipleChoiceQuiz_seed1304_attempt1_response.json,2026-09-19T16:55:06.724933312Z,MultipleChoiceQuiz,01M2X9FAR5MYBRF17R9RW5Z6ZF,1,error,,852,401_missing_api_key,0,
20260919T165506.731ZZ_01M2X9FM7BG2BFJX584M7BXZD5_CompletionQuiz_seed1300_attempt1_response.json,2026-09-19T16:55:06.731669536Z,CompletionQuiz,01M2X9FAR5JEW6PKQ3EYJTMHXW,1,error,,863,401_missing_api_key,0,
20260919T165506.742ZZ_01M2X9FM7PPYW89SW908Q16973_MultipleChoiceQuiz_seed1300_attempt1_response.json,2026-09-19T16:55:06.741648095Z,MultipleChoiceQuiz,01M2X9FAR5JEW6PKQ3EYJTMHXW,1,error,,873,401_missing_api_key,0,
20260919T165506.771ZZ_01M2X9FM8K542JDKZGW8W9GFW2_CompletionQuiz_seed1304_attempt1_response.json,2026-09-19T16:55:06.771145404Z,CompletionQuiz,01M2X9FAR5MYBRF17R9RW5Z6ZF,1,error,,862,401_missing_api_key,0,
20260919T165506.772ZZ_01M2X9FM8MBKPN53A5QAWBTXPB_CompletionQuiz_seed1297_attempt1_response.json,2026-09-19T16:55:06.772597418Z,CompletionQuiz,01M2X9FAR5ZYQ6ZXNSYR6RWCW5,1,error,,907,401_missing_api_key,0,
20260919T165507.438ZZ_01M2X9FMXEVW4X76MJJJ0R6JTP_EssayQuiz_seed1300_attempt2_response.json,2026-09-19T16:55:07.437815842Z,EssayQuiz,01M2X9FAR5JEW6PKQ3EYJTMHXW,2,error,,1564,401_missing_api_key,0,
20260919T165507.450ZZ_01M2X9FMXTRTSKRVQAV540JCV8_MultipleChoiceQuiz_seed1304_attempt2_response.json,2026-09-19T16:55:07.450513393Z,MultipleChoiceQuiz,01M2X9FAR5MYBRF17R9RW5Z6ZF,2,error,,1578,401_missing_api_key,0,
20260919T165507.452ZZ_01M2X9FMXWYG2XKKST86CFT1XC_EssayQuiz_seed1297_attempt2_response.json,2026-09-19T16:55:07.452306673Z,EssayQuiz,01M2X9FAR5ZYQ6ZXNSYR6RWCW5,2,error,,1588,401_missing_api_key,0,
20260919T165507.464ZZ_01M2X9FMY8RJ00FY3TN8VPE309_EssayQuiz_seed1304_attempt2_response.json,2026-09-19T16:55:07.463942415Z,EssayQuiz,01M2X9FAR5MYBRF17R9RW5Z6ZF,2,error,,1591,401_missing_api_key,0,
20260919T165507.474ZZ_01M2X9FMYJ14HCB1R0H9Z4KRPK_MultipleChoiceQuiz_seed1300_attempt2_response.json,2026-09-19T16:55:07.474124583Z,MultipleChoiceQuiz,01M2X9FAR5JEW6PKQ3EYJTMHXW,2,error,,1605,401_missing_api_key,0,
20260919T165507.475ZZ_01M2X9FMYK1E41X63FVZHZKXWY_CompletionQuiz_seed1297_attempt2_response.json,2026-09-19T16:55:07.475532429Z,CompletionQuiz,01M2X9FAR5ZYQ6ZXNSYR6RWCW5,2,error,,1610,401_missing_api_key,0,
20260919T165507.479ZZ_01M2X9FMYQ42TW3ZTDJG5M2NQ6_CompletionQuiz_seed1300_attempt2_response.json,2026-09-19T16:55:07.479573044Z,CompletionQuiz,01M2X9FAR5JEW6PKQ3EYJTMHXW,2,error,,1611,401_missing_api_key,0,
20260919T165507.495ZZ_01M2X9FMZ7QNN50CG9GYJF00EW_CompletionQuiz_seed1304_attempt2_response.json,2026-09-19T16:55:07.495434101Z,CompletionQuiz,01M2X9FAR5MYBRF17R9RW5Z6ZF,2,error,,1586,401_missing_api_key,0,
20260919T165507.761ZZ_01M2X9FN7HJ3AYWF7SC2HT9SN3_MultipleChoiceQuiz_seed1308_attempt0_response.json,2026-09-19T16:55:07.760814225Z,MultipleChoiceQuiz,01M2X9FAR5YEKC0FKZ5H9F3ZJ3,0,error,,317,401_missing_api_key,0,
20260919T165507.803ZZ_01M2X9FN8VE6KZTGVXYSASSSFT_EssayQuiz_seed1308_attempt0_response.json,2026-09-19T16:55:07.80332057Z,EssayQuiz,01M2X9FAR5YEKC0FKZ5H9F3ZJ3,0,error,,348,401_missing_api_key,0,
20260919T165507.805ZZ_01M2X9FN8XNBJ49QXAZSAXMPGX_CompletionQuiz_seed1311_attempt0_response.json,2026-09-19T16:55:07.804744262Z,CompletionQuiz,01M2X9FAR6MC6DK7TV79CRKRJQ,0,error,,326,401_missing_api_key,0,
20260919T165507.805ZZ_01M2X9FN8XNRGEJS3N58S3KCVV_MultipleChoiceQuiz_seed1311_attempt0_response.json,2026-09-19T16:55:07.804989656Z,MultipleChoiceQuiz,01M2X9FAR6MC6DK7TV79CRKRJQ,0,error,,338,401_missing_api_key,0,
20260919T165507.805ZZ_01M2X9FN8XVMVYSSM0R4ZZ5FW2_EssayQuiz_seed1311_attempt0_response.json,2026-09-19T16:55:07.80510571Z,EssayQuiz,01M2X9FAR6MC6DK7TV79CRKRJQ,0,error,,328,401_missing_api_key,0,
20260919T165507.806ZZ_01M2X9FN8Y0MTWFHBJ9WS075ZK_CompletionQuiz_seed1308_attempt0_response.json,2026-09-19T16:55:07.806378783Z,CompletionQuiz,01M2X9FAR5YEKC0FKZ5H9F3ZJ3,0,error,,349,401_missing_api_key,0,
20260919T165507.808ZZ_01M2X9FN90PNZ0B36T93H1KM0K_EssayQuiz_seed1315_attempt0_response.json,2026-09-19T16:55:07.808123812Z,EssayQuiz,01M2X9FAR60Q903KJGWJS3T8BP,0,error,,311,401_missing_api_key,0,
20260919T165507.809ZZ_01M2X9FN915HM51C15KNN80A8A_MultipleChoiceQuiz_seed1315_attempt0_response.json,2026-09-19T16:55:07.809632405Z,MultipleChoiceQuiz,01M2X9FAR60Q903KJGWJS3T8BP,0,error,,328,401_missing_api_key,0,
20260919T165508.317ZZ_01M2X9FNRX3Y8SQCBCN346Q0BD_MultipleChoiceQuiz_seed1308_attempt1_response.json,2026-09-19T16:55:08.316782852Z,MultipleChoiceQuiz,01M2X9FAR5YEKC0FKZ5H9F3ZJ3,1,error,,873,401_missing_api_key,0,
20260919T165508.317ZZ_01M2X9FNRXW0628XW61C2J67GR_EssayQuiz_seed1308_attempt1_response.json,2026-09-19T16:55:08.31677717Z,EssayQuiz,01M2X9FAR5YEKC0FKZ5H9F3ZJ3,1,error,,862,401_missing_api_key,0,
20260919T165508.326ZZ_01M2X9FNS68F4XFRH6EZV1WZ1J_CompletionQuiz_seed1308_attempt1_response.json,2026-09-19T16:55:08.326346786Z,CompletionQuiz,01M2X9FAR5YEKC0FKZ5H9F3ZJ3,1,error,,869,401_missing_api_key,0,
20260919T165508.337ZZ_01M2X9FNSHBTZJRYGED38AVCJN_MultipleChoiceQuiz_seed1315_attempt1_response.json,2026-09-19T16:55:08.33717029Z,MultipleChoiceQuiz,01M2X9FAR60Q903KJGWJS3T8BP,1,error,,855,401_missing_api_key,0,
20260919T165508.360ZZ_01M2X9FNT8W0Z5P5BE6W7YZ6FV_EssayQuiz_seed1315_attempt1_response.json,2026-09-19T16:55:08.359783991Z,EssayQuiz,01M2X9FAR60Q903KJGWJS3T8BP,1,error,,862,401_missing_api_key,0,
20260919T165508.362ZZ_01M2X9FNTA251A48WJ97J9CEBZ_EssayQuiz_seed1311_attempt1_response.json,2026-09-19T16:55:08.362412851Z,EssayQuiz,01M2X9FAR6MC6DK7TV79CRKRJQ,1,error,,885,401_missing_api_key,0,
20260919T165508.362ZZ_01M2X9FNTAKCEYEM7SK0K0KZJM_MultipleChoiceQuiz_seed1311_attempt1_response.json,2026-09-19T16:55:08.361956204Z,MultipleChoiceQuiz,01M2X9FAR6MC6DK7TV79CRKRJQ,1,error,,895,401_missing_api_key,0,
20260919T165508.366ZZ_01M2X9FNTEGM7M5CGVTKYBGHCK_CompletionQuiz_seed1311_attempt1_response.json,2026-09-19T16:55:08.35820027Z,CompletionQuiz,01M2X9FAR6MC6DK7TV79CRKRJQ,1,error,,887,401_missing_api_key,0,
20260919T165509.047ZZ_01M2X9FPFQB696K6QHKSA7XHH3_MultipleChoiceQuiz_seed1308_attempt2_response.json,2026-09-19T16:55:09.047574102Z,MultipleChoiceQuiz,01M2X9FAR5YEKC0FKZ5H9F3ZJ3,2,error,,1604,401_missing_api_key,0,
20260919T165509.057ZZ_01M2X9FPG13DDYPT6RMFP5PS62_EssayQuiz_seed1308_attempt2_response.json,2026-09-19T16:55:09.057290453Z,EssayQuiz,01M2X9FAR5YEKC0FKZ5H9F3ZJ3,2,error,,1602,401_missing_api_key,0,
20260919T165509.058ZZ_01M2X9FPG23H5V9HB3DT3S92S9_EssayQuiz_seed1315_attempt2_response.json,2026-09-19T16:55:09.058383211Z,EssayQuiz,01M2X9FAR60Q903KJGWJS3T8BP,2,error,,1561,401_missing_api_key,0,
20260919T165509.065ZZ_01M2X9FPG9CCMAQGASX6PZYS7R_EssayQuiz_seed1311_attempt2_response.json,2026-09-19T16:55:09.064926191Z,EssayQuiz,01M2X9FAR6MC6DK7TV79CRKRJQ,2,error,,1588,401_missing_api_key,0,
20260919T165509.067ZZ_01M2X9FPGBNW9G6V67N7VY4W0Z_MultipleChoiceQuiz_seed1315_attempt2_response.json,2026-09-19T16:55:09.067206199Z,MultipleChoiceQuiz,01M2X9FAR60Q903KJGWJS3T8BP,2,error,,1585,401_missing_api_key,0,
20260919T165509.067ZZ_01M2X9FPGBSJ0PEX3HVV59RTXN_CompletionQuiz_seed1308_attempt2_response.json,2026-09-19T16:55:09.067174496Z,CompletionQuiz,01M2X9FAR5YEKC0FKZ5H9F3ZJ3,2,error,,1610,401_missing_api_key,0,
20260919T165509.071ZZ_01M2X9FPGFYSBCFFZ6EBXJ3EYE_MultipleChoiceQuiz_seed1311_attempt2_response.json,2026-09-19T16:55:09.071576832Z,MultipleChoiceQuiz,01M2X9FAR6MC6DK7TV79CRKRJQ,2,error,,1605,401_missing_api_key,0,
20260919T165509.136ZZ_01M2X9FPJGSGY3BVPG3MPTR8AV_CompletionQuiz_seed1311_attempt2_response.json,2026-09-19T16:55:09.136192273Z,CompletionQuiz,01M2X9FAR6MC6DK7TV79CRKRJQ,2,error,,1658,401_missing_api_key,0,
20260919T165509.346ZZ_01M2X9FPS2M79D3JQV7DZ32SKV_CompletionQuiz_seed1315_attempt0_response.json,2026-09-19T16:55:09.346649294Z,CompletionQuiz,01M2X9FAR60Q903KJGWJS3T8BP,0,error,,297,401_missing_api_key,0,
20260919T165509.386ZZ_01M2X9FPTARXD14SNM4NC0TYBH_EssayQuiz_seed1322_attempt0_response.json,2026-09-19T16:55:09.386704528Z,EssayQuiz,01M2X9FAR65Y298RFR8JTTAHFH,0,error,,317,401_missing_api_key,0,
20260919T165509.392ZZ_01M2X9FPTGT2WERFP71CCWR74X_MultipleChoiceQuiz_seed1322_attempt0_response.json,2026-09-19T16:55:09.392716662Z,MultipleChoiceQuiz,01M2X9FAR65Y298RFR8JTTAHFH,0,error,,323,401_missing_api_key,0,
20260919T165509.396ZZ_01M2X9FPTMK7F9SVWDZZNK05SH_EssayQuiz_seed1318_attempt0_response.json,2026-09-19T16:55:09.396060446Z,EssayQuiz,01M2X9FAR6FZXZTKJWWR62E9DJ,0,error,,335,401_missing_api_key,0,
20260919T165509.408ZZ_01M2X9FPV0VYKJFHX6B0TP89F0_CompletionQuiz_seed1322_attempt0_response.json,2026-09-19T16:55:09.40861347Z,CompletionQuiz,01M2X9FAR65Y298RFR8JTTAHFH,0,error,,334,401_missing_api_key,0,
20260919T165509.412ZZ_01M2X9FPV4JARRRJPTET9577N6_CompletionQuiz_seed1318_attempt0_response.json,2026-09-19T16:55:09.407594841Z,CompletionQuiz,01M2X9FAR6FZXZTKJWWR62E9DJ,0,error,,346,401_missing_api_key,0,
20260919T165509.461ZZ_01M2X9FPWN4KAPW7CPQH5MZN5Y_MultipleChoiceQuiz_seed1325_attempt0_response.json,2026-09-19T16:55:09.461498261Z,MultipleChoiceQuiz,01M2X9FAR6A12JJ3WS01JYY9T6,0,error,,322,401_missing_api_key,0,
20260919T165509.552ZZ_01M2X9FPZG5B0EK1BQEMRS9DTH_MultipleChoiceQuiz_seed1318_attempt0_response.json,2026-09-19T16:55:09.551960042Z,MultipleChoiceQuiz,01M2X9FAR6FZXZTKJWWR62E9DJ,0,error,,492,401_missing_api_key,0,
20260919T165509.892ZZ_01M2X9FQA4SMPSS7KDVQ2RVP0T_CompletionQuiz_seed1315_attempt1_response.json,2026-09-19T16:55:09.892183532Z,CompletionQuiz,01M2X9FAR60Q903KJGWJS3T8BP,1,error,,842,401_missing_api_key,0,
20260919T165509.912ZZ_01M2X9FQARR9QYM4AAC8MRTHAN_MultipleChoiceQuiz_seed1322_attempt1_response.json,2026-09-19T16:55:09.911959066Z,MultipleChoiceQuiz,01M2X9FAR65Y298RFR8JTTAHFH,1,error,,842,401_missing_api_key,0,
20260919T165509.927ZZ_01M2X9FQB7D404FN00RYAHF7FT_EssayQuiz_seed1322_attempt1_response.json,2026-09-19T16:55:09.927772268Z,EssayQuiz,01M2X9FAR65Y298RFR8JTTAHFH,1,error,,858,401_missing_api_key,0,
20260919T165509.948ZZ_01M2X9FQBWGSJ1DVGA3G1ACF37_CompletionQuiz_seed1322_attempt1_response.json,2026-09-19T16:55:09.948277552Z,CompletionQuiz,01M2X9FAR65Y298RFR8JTTAHFH,1,error,,874,401_missing_api_key,0,
20260919T165509.950ZZ_01M2X9FQBYTS9YJXEVZBRRPTPC_EssayQuiz_seed1318_attempt1_response.json,2026-09-19T16:55:09.95009381Z,EssayQuiz,01M2X9FAR6FZXZTKJWWR62E9DJ,1,error,,889,401_missing_api_key,0,
20260919T165509.955ZZ_01M2X9FQC3BJTDE6B8DREG31FK_CompletionQuiz_seed1318_attempt1_response.json,2026-09-19T16:55:09.955010026Z,CompletionQuiz,01M2X9FAR6FZXZTKJWWR62E9DJ,1,error,,888,401_missing_api_key,0,
20260919T165509.970ZZ_01M2X9FQCJ2762BXHKN7ANJ1TW_MultipleChoiceQuiz_seed1325_attempt1_response.json,2026-09-19T16:55:09.969882322Z,MultipleChoiceQuiz,01M2X9FAR6A12JJ3WS01JYY9T6,1,error,,831,401_missing_api_key,0,
20260919T165510.056ZZ_01M2X9FQF8Z486EGYQM934A1WP_MultipleChoiceQuiz_seed1318_attempt1_response.json,2026-09-19T16:55:10.056315632Z,MultipleChoiceQuiz,01M2X9FAR6FZXZTKJWWR62E9DJ,1,error,,996,401_missing_api_key,0,
20260919T165510.625ZZ_01M2X9FR129QR338E67864YHJM_CompletionQuiz_seed1315_attempt2_response.json,2026-09-19T16:55:10.625642166Z,CompletionQuiz,01M2X9FAR60Q903KJGWJS3T8BP,2,error,,1576,401_missing_api_key,0,
20260919T165510.640ZZ_01M2X9FR1GYXJBKWHX7ET3D16V_MultipleChoiceQuiz_seed1322_attempt2_response.json,2026-09-19T16:55:10.639987528Z,MultipleChoiceQuiz,01M2X9FAR65Y298RFR8JTTAHFH,2,error,,1570,401_missing_api_key,0,
20260919T165510.705ZZ_01M2X9FR3HW7DQSH6HT91XNY4K_CompletionQuiz_seed1318_attempt2_response.json,2026-09-19T16:55:10.705105502Z,CompletionQuiz,01M2X9FAR6FZXZTKJWWR62E9DJ,2,error,,1638,401_missing_api_key,0,
20260919T165510.708ZZ_01M2X9FR3MJWE47CE13XZ9FA48_EssayQuiz_seed1318_attempt2_response.json,2026-09-19T16:55:10.708636176Z,EssayQuiz,01M2X9FAR6FZXZTKJWWR62E9DJ,2,error,,1648,401_missing_api_key,0,
20260919T165510.711ZZ_01M2X9FR3QDMANDP1EQ2NJAK8T_EssayQuiz_seed1322_attempt2_response.json,2026-09-19T16:55:10.711517458Z,EssayQuiz,01M2X9FAR65Y298RFR8JTTAHFH,2,error,,1642,401_missing_api_key,0,
20260919T165510.711ZZ_01M2X9FR3QXRPQ3NQ7R9MJW903_CompletionQuiz_seed1322_attempt2_response.json,2026-09-19T16:55:10.710827602Z,CompletionQuiz,01M2X9FAR65Y298RFR8JTTAHFH,2,error,,1636,401_missing_api_key,0,
20260919T165510.722ZZ_01M2X9FR43H29TVWY67H3S0TJ5_MultipleChoiceQuiz_seed1325_attempt2_response.json,2026-09-19T16:55:10.722607248Z,MultipleChoiceQuiz,01M2X9FAR6A12JJ3WS01JYY9T6,2,error,,1583,401_missing_api_key,0,
20260919T165510.803ZZ_01M2X9FR6KWWC7FZ0GCDCDYJD7_MultipleChoiceQuiz_seed1318_attempt2_response.json,2026-09-19T16:55:10.802707732Z,MultipleChoiceQuiz,01M2X9FAR6FZXZTKJWWR62E9DJ,2,error,,1742,401_missing_api_key,0,
20260919T165510.953ZZ_01M2X9FRB98GH0GWMNZG1QSSZS_EssayQuiz_seed1325_attempt0_response.json,2026-09-19T16:55:10.952958454Z,EssayQuiz,01M2X9FAR6A12JJ3WS01JYY9T6,0,error,,325,401_missing_api_key,0,
20260919T165510.961ZZ_01M2X9FRBHSR6KJYE3Q4Z15F77_CompletionQuiz_seed1325_attempt0_response.json,2026-09-19T16:55:10.96096224Z,CompletionQuiz,01M2X9FAR6A12JJ3WS01JYY9T6,0,error,,319,401_missing_api_key,0,
20260919T165511.012ZZ_01M2X9FRD4ZNFWJZFPM5N12W5N_MultipleChoiceQuiz_seed1329_attempt0_response.json,2026-09-19T16:55:11.011938769Z,MultipleChoiceQuiz,01M2X9FAR68S0DFYE1KJDCHT30,0,error,,299,401_missing_api_key,0,
20260919T165511.025ZZ_01M2X9FRDH4D6WWH061SZX3B7A_EssayQuiz_seed1329_attempt0_response.json,2026-09-19T16:55:11.025125567Z,EssayQuiz,01M2X9FAR68S0DFYE1KJDCHT30,0,error,,313,401_missing_api_key,0,
20260919T165511.025ZZ_01M2X9FRDHDDQK8EX13MM8MNQK_CompletionQuiz_seed1329_attempt0_response.json,2026-09-19T16:55:11.023827356Z,CompletionQuiz,01M2X9FAR68S0DFYE1KJDCHT30,0,error,,310,401_missing_api_key,0,
20260919T165511.047ZZ_01M2X9FRE7JYDQFFRJSZZPXMH3_MultipleChoiceQuiz_seed1332_attempt0_response.json,2026-09-19T16:55:11.046902697Z,MultipleChoiceQuiz,01M2X9FAR6B993DB4YPJCFSS98,0,error,,331,401_missing_api_key,0,
20260919T165511.071ZZ_01M2X9FREZX9K71N18VKWZPXSB_EssayQuiz_seed1332_attempt0_response.json,2026-09-19T16:55:11.071652364Z,EssayQuiz,01M2X9FAR6B993DB4YPJCFSS98,0,error,,346,401_missing_api_key,0,
20260919T165511.119ZZ_01M2X9FRGFMA7CJXY2R8CE737P_CompletionQuiz_seed1332_attempt0_response.json,2026-09-19T16:55:11.11956445Z,CompletionQuiz,01M2X9FAR6B993DB4YPJCFSS98,0,error,,312,401_missing_api_key,0,
20260919T165511.484ZZ_01M2X9FRVW5BC5690F25R6DGMB_EssayQuiz_seed1325_attempt1_response.json,2026-09-19T16:55:11.484557278Z,EssayQuiz,01M2X9FAR6A12JJ3WS01JYY9T6,1,error,,856,401_missing_api_key,0,
20260919T165511.487ZZ_01M2X9FRVZFCYXQAETRGESX0CD_CompletionQuiz_seed1325_attempt1_response.json,2026-09-19T16:55:11.486319388Z,CompletionQuiz,01M2X9FAR6A12JJ3WS01JYY9T6,1,error,,844,401_missing_api_key,0,
20260919T165511.527ZZ_01M2X9FRX7Z3SF4CK9BA0RJZWQ_MultipleChoiceQuiz_seed1329_attempt1_response.json,2026-09-19T16:55:11.527615612Z,MultipleChoiceQuiz,01M2X9FAR68S0DFYE1KJDCHT30,1,error,,814,401_missing_api_key,0,
20260919T165511.535ZZ_01M2X9FRXF3C2YHQ4XH60HGB4V_CompletionQuiz_seed1329_attempt1_response.json,2026-09-19T16:55:11.535322878Z,CompletionQuiz,01M2X9FAR68S0DFYE1KJDCHT30,1,error,,820,401_missing_api_key,0,
20260919T165511.541ZZ_01M2X9FRXNSSDQW43Q4G8Z2G5K_EssayQuiz_seed1329_attempt1_response.json,2026-09-19T16:55:11.54161075Z,EssayQuiz,01M2X9FAR68S0DFYE1KJDCHT30,1,error,,829,401_missing_api_key,0,
20260919T165511.569ZZ_01M2X9FRYH7XENVFCZDB96T0HV_MultipleChoiceQuiz_seed1332_attempt1_response.json,2026-09-19T16:55:11.568957808Z,MultipleChoiceQuiz,01M2X9FAR6B993DB4YPJCFSS98,1,error,,853,401_missing_api_key,0,
20260919T165511.605ZZ_01M2X9FRZN59A1HH6TJ35PY3AJ_EssayQuiz_seed1332_attempt1_response.json,2026-09-19T16:55:11.605694748Z,EssayQuiz,01M2X9FAR6B993DB4YPJCFSS98,1,error,,880,401_missing_api_key,0,
20260919T165511.622ZZ_01M2X9FS06XGBQYJFRZGVZ76DV_CompletionQuiz_seed1332_attempt1_response.json,2026-09-19T16:55:11.622057682Z,CompletionQuiz,01M2X9FAR6B993DB4YPJCFSS98,1,error,,815,401_missing_api_key,0,
20260919T165512.289ZZ_01M2X9FSN1AS0KMY3P8Y5EH520_EssayQuiz_seed1325_attempt2_response.json,2026-09-19T16:55:12.289008942Z,EssayQuiz,01M2X9FAR6A12JJ3WS01JYY9T6,2,error,,1661,401_missing_api_key,0,
20260919T165512.289ZZ_01M2X9FSN1CW9M1G2MR9YR87T5_CompletionQuiz_seed1325_attempt2_response.json,2026-09-19T16:55:12.289125535Z,CompletionQuiz,01M2X9FAR6A12JJ3WS01JYY9T6,2,error,,1647,401_missing_api_key,0,
20260919T165512.289ZZ_01M2X9FSN1NR04QV468XCD7GYP_MultipleChoiceQuiz_seed1329_attempt2_response.json,2026-09-19T16:55:12.289161844Z,MultipleChoiceQuiz,01M2X9FAR68S0DFYE1KJDCHT30,2,error,,1576,401_missing_api_key,0,
20260919T165512.290ZZ_01M2X9FSN2ZD1HT5NBSMWBWF71_EssayQuiz_seed1329_attempt2_response.json,2026-09-19T16:55:12.290300494Z,EssayQuiz,01M2X9FAR68S0DFYE1KJDCHT30,2,error,,1578,401_missing_api_key,0,
20260919T165512.292ZZ_01M2X9FSN4K74VWDMGBTZN0Y7G_MultipleChoiceQuiz_seed1332_attempt2_response.json,2026-09-19T16:55:12.2920251Z,MultipleChoiceQuiz,01M2X9FAR6B993DB4YPJCFSS98,2,error,,1576,401_missing_api_key,0,
20260919T165512.292ZZ_01M2X9FSN4MC0DCNPFN9P7K0AZ_CompletionQuiz_seed1329_attempt2_response.json,2026-09-19T16:55:12.292492598Z,CompletionQuiz,01M2X9FAR68S0DFYE1KJDCHT30,2,error,,1577,401_missing_api_key,0,
20260919T165512.310ZZ_01M2X9FSNPGK5NEGC0M3B3277F_EssayQuiz_seed1332_attempt2_response.json,2026-09-19T16:55:12.31026498Z,EssayQuiz,01M2X9FAR6B993DB4YPJCFSS98,2,error,,1584,401_missing_api_key,0,
20260919T165512.342ZZ_01M2X9FSPPVHK87QH51BNV1P27_CompletionQuiz_seed1332_attempt2_response.json,2026-09-19T16:55:12.341889085Z,CompletionQuiz,01M2X9FAR6B993DB4YPJCFSS98,2,error,,1535,401_missing_api_key,0,
20260919T165512.622ZZ_01M2X9FSZEM18D9SR0TBJVJMB0_CompletionQuiz_seed1336_attempt0_response.json,2026-09-19T16:55:12.621753883Z,CompletionQuiz,01M2X9FAR69KAHQ7ZFA5RX0DT8,0,error,,325,401_missing_api_key,0,
20260919T165512.624ZZ_01M2X9FSZGN85W6QZ32WZ3GNTE_MultipleChoiceQuiz_seed1340_attempt0_response.json,2026-09-19T16:55:12.624450226Z,MultipleChoiceQuiz,01M2X9FAR6GN8XZRD246DKG4FR,0,error,,330,401_missing_api_key,0,
20260919T165512.628ZZ_01M2X9FSZMXXD8XP704ZK7HGFV_CompletionQuiz_seed1340_attempt0_response.json,2026-09-19T16:55:12.628796718Z,CompletionQuiz,01M2X9FAR6GN8XZRD246DKG4FR,0,error,,331,401_missing_api_key,0,
20260919T165512.630ZZ_01M2X9FSZP0ZZNQVJHV00D5JG6_EssayQuiz_seed1336_attempt0_response.json,2026-09-19T16:55:12.629879181Z,EssayQuiz,01M2X9FAR69KAHQ7ZFA5RX0DT8,0,error,,336,401_missing_api_key,0,
20260919T165512.631ZZ_01M2X9FSZQMVX18EB4STH1J16E_MultipleChoiceQuiz_seed1336_attempt0_response.json,2026-09-19T16:55:12.631052083Z,MultipleChoiceQuiz,01M2X9FAR69KAHQ7ZFA5RX0DT8,0,error,,334,401_missing_api_key,0,
20260919T165512.637ZZ_01M2X9FSZX60ZPADEFFB3P0CK0_EssayQuiz_seed1340_attempt0_response.json,2026-09-19T16:55:12.637063941Z,EssayQuiz,01M2X9FAR6GN8XZRD246DKG4FR,0,error,,337,401_missing_api_key,0,
20260919T165512.657ZZ_01M2X9FT0HG0N6287TJ0593H1M_MultipleChoiceQuiz_seed1343_attempt0_response.json,2026-09-19T16:55:12.656949338Z,MultipleChoiceQuiz,01M2X9FAR6A8MMPGED58GFPKMG,0,error,,344,401_missing_api_key,0,
20260919T165512.671ZZ_01M2X9FT0Z9RT3YBTKPT0DN27A_EssayQuiz_seed1343_attempt0_response.json,2026-09-19T16:55:12.671559497Z,EssayQuiz,01M2X9FAR6A8MMPGED58GFPKMG,0,error,,327,401_missing_api_key,0,
20260919T165634.327ZZ_01M2X9J9RRGMBWGSX7MF2JTQ89_MultipleChoiceQuiz_seed1251_attempt0_response.json,2026-09-19T16:56:34.327720862Z,MultipleChoiceQuiz,01M2X9J92XG0GTK9NTMWAEMQD2,0,error,,621,402_model_not_in_free_tier,0,
20260919T165634.328ZZ_01M2X9J9RR5KCV8EG0CE5D1TT8_MultipleChoiceQuiz_seed1261_attempt0_response.json,2026-09-19T16:56:34.327779086Z,MultipleChoiceQuiz,01M2X9J92X2FTA4N1JKP78984P,0,error,,621,402_model_not_in_free_tier,0,
20260919T165634.328ZZ_01M2X9J9RRF20EXTZMMTQMRWFK_MultipleChoiceQuiz_seed1258_attempt0_response.json,2026-09-19T16:56:34.327826882Z,MultipleChoiceQuiz,01M2X9J92XVHCRCYTP9PV6Z2N6,0,error,,621,402_model_not_in_free_tier,0,
20260919T165634.629ZZ_01M2X9JA25J9G5VKHSV648AZYP_EssayQuiz_seed1251_attempt0_response.json,2026-09-19T16:56:34.6290208Z,EssayQuiz,01M2X9J92XG0GTK9NTMWAEMQD2,0,error,,920,402_model_not_in_free_tier,0,
20260919T165635.100ZZ_01M2X9JAGWAG4WFZMHR7JCKX2X_EssayQuiz_seed1258_attempt0_response.json,2026-09-19T16:56:35.100597322Z,EssayQuiz,01M2X9J92XVHCRCYTP9PV6Z2N6,0,error,,1389,402_model_not_in_free_tier,0,
20260919T165635.256ZZ_01M2X9JANSCQ9ZSJDNBV7QHM1N_EssayQuiz_seed1254_attempt0_response.json,2026-09-19T16:56:35.256724712Z,EssayQuiz,01M2X9J92XFND080R4AMWHVD3C,0,error,,1548,402_model_not_in_free_tier,0,
20260919T165635.473ZZ_01M2X9JAWH4BCAXGM2J8CBRCMT_CompletionQuiz_seed1251_attempt0_response.json,2026-09-19T16:56:35.473318701Z,CompletionQuiz,01M2X9J92XG0GTK9NTMWAEMQD2,0,error,,1761,402_model_not_in_free_tier,0,
20260919T165635.888ZZ_01M2X9JB9HBWTTMVX26WD8MTHB_CompletionQuiz_seed1254_attempt0_response.json,2026-09-19T16:56:35.888550781Z,CompletionQuiz,01M2X9J92XFND080R4AMWHVD3C,0,error,,2179,402_model_not_in_free_tier,0,
20260919T165635.927ZZ_01M2X9JBAQZTN16FX7XV4GKXCT_CompletionQuiz_seed1258_attempt0_response.json,2026-09-19T16:56:35.927759967Z,CompletionQuiz,01M2X9J92XVHCRCYTP9PV6Z2N6,0,error,,2216,402_model_not_in_free_tier,0,
20260919T165636.068ZZ_01M2X9JBF40YCNNXKK5YGZM61T_MultipleChoiceQuiz_seed1258_attempt1_response.json,2026-09-19T16:56:36.068226552Z,MultipleChoiceQuiz,01M2X9J92XVHCRCYTP9PV6Z2N6,1,error,,2361,402_model_not_in_free_tier,0,
20260919T165636.426ZZ_01M2X9JBTAJYTH7Q3XACKC8W6M_MultipleChoiceQuiz_seed1251_attempt1_response.json,2026-09-19T16:56:36.426588508Z,MultipleChoiceQuiz,01M2X9J92XG0GTK9NTMWAEMQD2,1,error,,2720,402_model_not_in_free_tier,0,
20260919T165636.443ZZ_01M2X9JBTVPEK8FJSMSB1AS3RG_EssayQuiz_seed1258_attempt1_response.json,2026-09-19T16:56:36.443452822Z,EssayQuiz,01M2X9J92XVHCRCYTP9PV6Z2N6,1,error,,2732,402_model_not_in_free_tier,0,
20260919T165636.460ZZ_01M2X9JBVCABGTZ6WJ5HFECPVC_EssayQuiz_seed1254_attempt1_response.json,2026-09-19T16:56:36.460039144Z,EssayQuiz,01M2X9J92XFND080R4AMWHVD3C,1,error,,2751,402_model_not_in_free_tier,0,
20260919T165636.707ZZ_01M2X9JC336BHW03TFXN7REEYC_CompletionQuiz_seed1251_attempt1_response.json,2026-09-19T16:56:36.707112578Z,CompletionQuiz,01M2X9J92XG0GTK9NTMWAEMQD2,1,error,,2995,402_model_not_in_free_tier,0,
20260919T165636.745ZZ_01M2X9JC498NJN85YWBXP1GXQA_CompletionQuiz_seed1254_attempt1_response.json,2026-09-19T16:56:36.745579536Z,CompletionQuiz,01M2X9J92XFND080R4AMWHVD3C,1,error,,3036,402_model_not_in_free_tier,0,
20260919T165636.809ZZ_01M2X9JC69030H5PQ4AC3P81FV_CompletionQuiz_seed1258_attempt1_response.json,2026-09-19T16:56:36.809549597Z,CompletionQuiz,01M2X9J92XVHCRCYTP9PV6Z2N6,1,error,,3098,402_model_not_in_free_tier,0,
20260919T165637.185ZZ_01M2X9JCJ1607CV4YXBSKKTT02_MultipleChoiceQuiz_seed1258_attempt2_response.json,2026-09-19T16:56:37.185064515Z,MultipleChoiceQuiz,01M2X9J92XVHCRCYTP9PV6Z2N6,2,error,,3478,402_model_not_in_free_tier,0,
20260919T165637.562ZZ_01M2X9JCXT9DEMAES9XEHKFC1F_MultipleChoiceQuiz_seed1251_attempt2_response.json,2026-09-19T16:56:37.562263067Z,MultipleChoiceQuiz,01M2X9J92XG0GTK9NTMWAEMQD2,2,error,,3855,402_model_not_in_free_tier,0,
20260919T165637.891ZZ_01M2X9JD83K9AEC1M7MYFMCGKF_EssayQuiz_seed1258_attempt2_response.json,2026-09-19T16:56:37.89141631Z,EssayQuiz,01M2X9J92XVHCRCYTP9PV6Z2N6,2,error,,4180,402_model_not_in_free_tier,0,
20260919T165637.975ZZ_01M2X9JDAQZBHT3BZ0AMP8YY9E_EssayQuiz_seed1254_attempt2_response.json,2026-09-19T16:56:37.975726652Z,EssayQuiz,01M2X9J92XFND080R4AMWHVD3C,2,error,,4267,402_model_not_in_free_tier,0,
20260919T165638.221ZZ_01M2X9JDJD9RJ4FEQ9JS6CCPMB_CompletionQuiz_seed1251_attempt2_response.json,2026-09-19T16:56:38.221109773Z,CompletionQuiz,01M2X9J92XG0GTK9NTMWAEMQD2,2,error,,4509,402_model_not_in_free_tier,0,
20260919T165638.372ZZ_01M2X9JDQ4MG4AW3Q4H9B88YX7_EssayQuiz_seed1261_attempt0_response.json,2026-09-19T16:56:38.371776777Z,EssayQuiz,01M2X9J92X2FTA4N1JKP78984P,0,error,,1181,402_model_not_in_free_tier,0,
20260919T165638.383ZZ_01M2X9JDQF4BYZ048JYGC8Y9TM_CompletionQuiz_seed1254_attempt2_response.json,2026-09-19T16:56:38.383584008Z,CompletionQuiz,01M2X9J92XFND080R4AMWHVD3C,2,error,,4674,402_model_not_in_free_tier,0,
20260919T165638.678ZZ_01M2X9JE0PQJS30B9AN5BV9QR5_CompletionQuiz_seed1261_attempt0_response.json,2026-09-19T16:56:38.678053349Z,CompletionQuiz,01M2X9J92X2FTA4N1JKP78984P,0,error,,1113,402_model_not_in_free_tier,0,
20260919T165638.682ZZ_01M2X9JE0TJ3WJVC136BK1GZJK_MultipleChoiceQuiz_seed1265_attempt0_response.json,2026-09-19T16:56:38.68195368Z,MultipleChoiceQuiz,01M2X9J92X755YE0E2JBGTRM75,0,error,,787,402_model_not_in_free_tier,0,
20260919T165638.703ZZ_01M2X9JE1FGB86SCZS1MJWBWAB_EssayQuiz_seed1265_attempt0_response.json,2026-09-19T16:56:38.702843388Z,EssayQuiz,01M2X9J92X755YE0E2JBGTRM75,0,error,,703,402_model_not_in_free_tier,0,
20260919T165638.911ZZ_01M2X9JE7ZYSWMXK6KCJKSCSGP_CompletionQuiz_seed1265_attempt0_response.json,2026-09-19T16:56:38.910894543Z,CompletionQuiz,01M2X9J92X755YE0E2JBGTRM75,0,error,,686,402_model_not_in_free_tier,0,
20260919T165639.113ZZ_01M2X9JEE95QZPZZQ2M0XH98Z8_MultipleChoiceQuiz_seed1268_attempt0_response.json,2026-09-19T16:56:39.112858465Z,MultipleChoiceQuiz,01M2X9J92X4477GTK1GTJMVB54,0,error,,727,402_model_not_in_free_tier,0,
20260919T165639.263ZZ_01M2X9JEJZXRV5WADZJ2T6D6R7_EssayQuiz_seed1261_attempt1_response.json,2026-09-19T16:56:39.262811057Z,EssayQuiz,01M2X9J92X2FTA4N1JKP78984P,1,error,,2072,402_model_not_in_free_tier,0,
20260919T165639.587ZZ_01M2X9JEX3M655WXJJHHH6RB40_CompletionQuiz_seed1261_attempt1_response.json,2026-09-19T16:56:39.587463654Z,CompletionQuiz,01M2X9J92X2FTA4N1JKP78984P,1,error,,2022,402_model_not_in_free_tier,0,
20260919T165640.037ZZ_01M2X9JFB5ZY0M2RR800G41VVN_MultipleChoiceQuiz_seed1265_attempt1_response.json,2026-09-19T16:56:40.036821079Z,MultipleChoiceQuiz,01M2X9J92X755YE0E2JBGTRM75,1,error,,2142,402_model_not_in_free_tier,0,
20260919T165640.121ZZ_01M2X9JFDS9DNMP65F2RH1N0V1_EssayQuiz_seed1265_attempt1_response.json,2026-09-19T16:56:40.121452953Z,EssayQuiz,01M2X9J92X755YE0E2JBGTRM75,1,error,,2121,402_model_not_in_free_tier,0,
20260919T165640.423ZZ_01M2X9JFQ7B5M3X24ZPPPB63S2_CompletionQuiz_seed1265_attempt1_response.json,2026-09-19T16:56:40.422839905Z,CompletionQuiz,01M2X9J92X755YE0E2JBGTRM75,1,error,,2198,402_model_not_in_free_tier,0,
20260919T165640.637ZZ_01M2X9JFXXF8N694YHYDGRZYHP_MultipleChoiceQuiz_seed1268_attempt1_response.json,2026-09-19T16:56:40.637098075Z,MultipleChoiceQuiz,01M2X9J92X4477GTK1GTJMVB54,1,error,,2251,402_model_not_in_free_tier,0,
20260919T165640.990ZZ_01M2X9JG8YHEBWM3HHANM5P8F5_EssayQuiz_seed1261_attempt2_response.json,2026-09-19T16:56:40.990318285Z,EssayQuiz,01M2X9J92X2FTA4N1JKP78984P,2,error,,3800,402_model_not_in_free_tier,0,
20260919T165641.194ZZ_01M2X9JGFANFG4C3891XZ15Z9N_CompletionQuiz_seed1261_attempt2_response.json,2026-09-19T16:56:41.194605031Z,CompletionQuiz,01M2X9J92X2FTA4N1JKP78984P,2,error,,3630,402_model_not_in_free_tier,0,
20260919T165641.205ZZ_01M2X9JGFNQG3X8SWAJZWFZFVW_MultipleChoiceQuiz_seed1265_attempt2_response.json,2026-09-19T16:56:41.205030429Z,MultipleChoiceQuiz,01M2X9J92X755YE0E2JBGTRM75,2,error,,3310,402_model_not_in_free_tier,0,
20260919T165641.325ZZ_01M2X9JGKDBYHB28YCYQ24PNDC_EssayQuiz_seed1265_attempt2_response.json,2026-09-19T16:56:41.325151042Z,EssayQuiz,01M2X9J92X755YE0E2JBGTRM75,2,error,,3325,402_model_not_in_free_tier,0,
20260919T165641.534ZZ_01M2X9JGSYJPDY2A5PXHX7P4P3_CompletionQuiz_seed1265_attempt2_response.json,2026-09-19T16:56:41.534546223Z,CompletionQuiz,01M2X9J92X755YE0E2JBGTRM75,2,error,,3310,402_model_not_in_free_tier,0,
20260919T165641.691ZZ_01M2X9JGYV4QTGV9MKVBZB9JPW_EssayQuiz_seed1268_attempt0_response.json,2026-09-19T16:56:41.6909498Z,EssayQuiz,01M2X9J92X4477GTK1GTJMVB54,0,error,,697,402_model_not_in_free_tier,0,
20260919T165641.693ZZ_01M2X9JGYXJZH9FXKSBV4WGM33_MultipleChoiceQuiz_seed1268_attempt2_response.json,2026-09-19T16:56:41.693205612Z,MultipleChoiceQuiz,01M2X9J92X4477GTK1GTJMVB54,2,error,,3307,402_model_not_in_free_tier,0,
20260919T165641.910ZZ_01M2X9JH5P5HFGRX1EFVFMCWKT_CompletionQuiz_seed1268_attempt0_response.json,2026-09-19T16:56:41.910542281Z,CompletionQuiz,01M2X9J92X4477GTK1GTJMVB54,0,error,,713,402_model_not_in_free_tier,0,
20260919T165641.930ZZ_01M2X9JH6AZWX3JKN6VAZKF3BD_MultipleChoiceQuiz_seed1272_attempt0_response.json,2026-09-19T16:56:41.93041139Z,MultipleChoiceQuiz,01M2X9J92YRV9GR9DJXP99DSQC,0,error,,723,402_model_not_in_free_tier,0,
20260919T165642.101ZZ_01M2X9JHBNNZ3XYCP6M5BFEMVK_EssayQuiz_seed1272_attempt0_response.json,2026-09-19T16:56:42.101202803Z,EssayQuiz,01M2X9J92YRV9GR9DJXP99DSQC,0,error,,774,402_model_not_in_free_tier,0,
20260919T165642.202ZZ_01M2X9JHETWMHYV05BB5CW86KC_CompletionQuiz_seed1272_attempt0_response.json,2026-09-19T16:56:42.202223204Z,CompletionQuiz,01M2X9J92YRV9GR9DJXP99DSQC,0,error,,664,402_model_not_in_free_tier,0,
20260919T165642.436ZZ_01M2X9JHP41J5W8EB6C5QVWWH0_MultipleChoiceQuiz_seed1275_attempt0_response.json,2026-09-19T16:56:42.436451851Z,MultipleChoiceQuiz,01M2X9J92Y7BDQRGJ3Z7YNV33D,0,error,,740,402_model_not_in_free_tier,0,
20260919T165642.617ZZ_01M2X9JHVSMVEB8W6J0VQBWR2T_EssayQuiz_seed1268_attempt1_response.json,2026-09-19T16:56:42.616775615Z,EssayQuiz,01M2X9J92X4477GTK1GTJMVB54,1,error,,1623,402_model_not_in_free_tier,0,
20260919T165642.851ZZ_01M2X9JJ33TQJX80PR0CR5ABBD_MultipleChoiceQuiz_seed1272_attempt1_response.json,2026-09-19T16:56:42.851242416Z,MultipleChoiceQuiz,01M2X9J92YRV9GR9DJXP99DSQC,1,error,,1643,402_model_not_in_free_tier,0,
20260919T165643.231ZZ_01M2X9JJEZMHRVGAVXX6KE09RG_CompletionQuiz_seed1268_attempt1_response.json,2026-09-19T16:56:43.230831248Z,CompletionQuiz,01M2X9J92X4477GTK1GTJMVB54,1,error,,2034,402_model_not_in_free_tier,0,
20260919T165643.541ZZ_01M2X9JJRNH1ZZP3CVJ3XJ6H4G_EssayQuiz_seed1272_attempt1_response.json,2026-09-19T16:56:43.541746395Z,EssayQuiz,01M2X9J92YRV9GR9DJXP99DSQC,1,error,,2214,402_model_not_in_free_tier,0,
20260919T165643.619ZZ_01M2X9JJV35JSSHXYNYMMN14K9_CompletionQuiz_seed1272_attempt1_response.json,2026-09-19T16:56:43.61935619Z,CompletionQuiz,01M2X9J92YRV9GR9DJXP99DSQC,1,error,,2082,402_model_not_in_free_tier,0,
20260919T165643.855ZZ_01M2X9JK2F3QGQX00NDEZRQ5X2_MultipleChoiceQuiz_seed1275_attempt1_response.json,2026-09-19T16:56:43.855220051Z,MultipleChoiceQuiz,01M2X9J92Y7BDQRGJ3Z7YNV33D,1,error,,2159,402_model_not_in_free_tier,0,
20260919T165644.017ZZ_01M2X9JK7HCVN2S5ENZZTFDMPH_MultipleChoiceQuiz_seed1272_attempt2_response.json,2026-09-19T16:56:44.016798528Z,MultipleChoiceQuiz,01M2X9J92YRV9GR9DJXP99DSQC,2,error,,2809,402_model_not_in_free_tier,0,
20260919T165644.042ZZ_01M2X9JK8AHJ237FHB27CW6MXH_EssayQuiz_seed1268_attempt2_response.json,2026-09-19T16:56:44.04189292Z,EssayQuiz,01M2X9J92X4477GTK1GTJMVB54,2,error,,3048,402_model_not_in_free_tier,0,
20260919T165644.417ZZ_01M2X9JKM1Z7FK5FWKEC5AYZ1V_CompletionQuiz_seed1268_attempt2_response.json,2026-09-19T16:56:44.417627865Z,CompletionQuiz,01M2X9J92X4477GTK1GTJMVB54,2,error,,3220,402_model_not_in_free_tier,0,
20260919T165644.715ZZ_01M2X9JKXBS5JHAE533N3FXRAD_EssayQuiz_seed1272_attempt2_response.json,2026-09-19T16:56:44.714669184Z,EssayQuiz,01M2X9J92YRV9GR9DJXP99DSQC,2,error,,3387,402_model_not_in_free_tier,0,
20260919T165644.779ZZ_01M2X9JKZBH9TH88SJ69ZJKQ9F_CompletionQuiz_seed1272_attempt2_response.json,2026-09-19T16:56:44.77958631Z,CompletionQuiz,01M2X9J92YRV9GR9DJXP99DSQC,2,error,,3242,402_model_not_in_free_tier,0,
20260919T165644.835ZZ_01M2X9JM13HEW92YEZN98NPAG9_EssayQuiz_seed1275_attempt0_response.json,2026-09-19T16:56:44.835022749Z,EssayQuiz,01M2X9J92Y7BDQRGJ3Z7YNV33D,0,error,,814,402_model_not_in_free_tier,0,
20260919T165644.853ZZ_01M2X9JM1NB3C9C071KQRQXHYS_CompletionQuiz_seed1275_attempt0_response.json,2026-09-19T16:56:44.85309513Z,CompletionQuiz,01M2X9J92Y7BDQRGJ3Z7YNV33D,0,error,,807,402_model_not_in_free_tier,0,
20260919T165644.902ZZ_01M2X9JM36XZZPJG1WEDMMV5T6_MultipleChoiceQuiz_seed1275_attempt2_response.json,2026-09-19T16:56:44.902570617Z,MultipleChoiceQuiz,01M2X9J92Y7BDQRGJ3Z7YNV33D,2,error,,3206,402_model_not_in_free_tier,0,
20260919T165645.185ZZ_01M2X9JMC17C9ZHPP95Z6V70Y3_MultipleChoiceQuiz_seed1279_attempt0_response.json,2026-09-19T16:56:45.184878748Z,MultipleChoiceQuiz,01M2X9J92YM6GAV8AM1F2NBJ6S,0,error,,764,402_model_not_in_free_tier,0,
20260919T165645.476ZZ_01M2X9JMN4VNP84HY247E6TN4M_EssayQuiz_seed1279_attempt0_response.json,2026-09-19T16:56:45.476417754Z,EssayQuiz,01M2X9J92YM6GAV8AM1F2NBJ6S,0,error,,759,402_model_not_in_free_tier,0,
20260919T165645.553ZZ_01M2X9JMQH99F66XGZTHSC82EQ_CompletionQuiz_seed1279_attempt0_response.json,2026-09-19T16:56:45.553625086Z,CompletionQuiz,01M2X9J92YM6GAV8AM1F2NBJ6S,0,error,,772,402_model_not_in_free_tier,0,
20260919T165645.574ZZ_01M2X9JMR6AKQT9NZ9FPYRET3G_MultipleChoiceQuiz_seed1261_attempt1_response.json,2026-09-19T16:56:45.574565883Z,MultipleChoiceQuiz,01M2X9J92X2FTA4N1JKP78984P,1,error,,11868,402_model_not_in_free_tier,0,
20260919T165645.900ZZ_01M2X9JN2DJZ4N8JA8XQT8A2Z6_MultipleChoiceQuiz_seed1283_attempt0_response.json,2026-09-19T16:56:45.900630283Z,MultipleChoiceQuiz,01M2X9J92YK907NGA08E7TPN5E,0,error,,996,402_model_not_in_free_tier,0,
20260919T165646.126ZZ_01M2X9JN9FXXR25DEC74BZXP9W_EssayQuiz_seed1275_attempt1_response.json,2026-09-19T16:56:46.126788832Z,EssayQuiz,01M2X9J92Y7BDQRGJ3Z7YNV33D,1,error,,2106,402_model_not_in_free_tier,0,
20260919T165646.154ZZ_01M2X9JNAA0KJP3YRJR2T2VA60_CompletionQuiz_seed1275_attempt1_response.json,2026-09-19T16:56:46.154567922Z,CompletionQuiz,01M2X9J92Y7BDQRGJ3Z7YNV33D,1,error,,2109,402_model_not_in_free_tier,0,
20260919T165646.186ZZ_01M2X9JNBAT5PJ2BCJQM7XY5ME_MultipleChoiceQuiz_seed1279_attempt1_response.json,2026-09-19T16:56:46.186234753Z,MultipleChoiceQuiz,01M2X9J92YM6GAV8AM1F2NBJ6S,1,error,,1765,402_model_not_in_free_tier,0,
20260919T165646.506ZZ_01M2X9JNNA2DN3ZJBXQWA2CSHB_EssayQuiz_seed1279_attempt1_response.json,2026-09-19T16:56:46.506324907Z,EssayQuiz,01M2X9J92YM6GAV8AM1F2NBJ6S,1,error,,1789,402_model_not_in_free_tier,0,
20260919T165646.561ZZ_01M2X9JNQ138CRRAZ211XJH7Q4_CompletionQuiz_seed1279_attempt1_response.json,2026-09-19T16:56:46.561126935Z,CompletionQuiz,01M2X9J92YM6GAV8AM1F2NBJ6S,1,error,,1779,402_model_not_in_free_tier,0,
20260919T165646.574ZZ_01M2X9JNQEFD3KH0ZWK3CZ2NA0_MultipleChoiceQuiz_seed1261_attempt2_response.json,2026-09-19T16:56:46.574592223Z,MultipleChoiceQuiz,01M2X9J92X2FTA4N1JKP78984P,2,error,,12868,402_model_not_in_free_tier,0,
20260919T165646.777ZZ_01M2X9JNXS81NDMXRDZJHJXZC4_MultipleChoiceQuiz_seed1283_attempt1_response.json,2026-09-19T16:56:46.777618901Z,MultipleChoiceQuiz,01M2X9J92YK907NGA08E7TPN5E,1,error,,1873,402_model_not_in_free_tier,0,
20260919T165646.846ZZ_01M2X9JNZZA71ETWRSA826KB9S_EssayQuiz_seed1275_attempt2_response.json,2026-09-19T16:56:46.846672583Z,EssayQuiz,01M2X9J92Y7BDQRGJ3Z7YNV33D,2,error,,2826,402_model_not_in_free_tier,0,
20260919T165647.330ZZ_01M2X9JPF2ZHNHJYV9KSZP070E_CompletionQuiz_seed1275_attempt2_response.json,2026-09-19T16:56:47.330559003Z,CompletionQuiz,01M2X9J92Y7BDQRGJ3Z7YNV33D,2,error,,3285,402_model_not_in_free_tier,0,
20260919T165647.599ZZ_01M2X9JPQFHBTT3MVG90EKQ0NT_EssayQuiz_seed1283_attempt0_response.json,2026-09-19T16:56:47.599070808Z,EssayQuiz,01M2X9J92YK907NGA08E7TPN5E,0,error,,1018,402_model_not_in_free_tier,0,
20260919T165647.612ZZ_01M2X9JPQWZMRTJH2576VMTHTT_MultipleChoiceQuiz_seed1279_attempt2_response.json,2026-09-19T16:56:47.612292211Z,MultipleChoiceQuiz,01M2X9J92YM6GAV8AM1F2NBJ6S,2,error,,3191,402_model_not_in_free_tier,0,
20260919T165647.993ZZ_01M2X9JQ3SE3YRB4F92H61R7VG_CompletionQuiz_seed1283_attempt0_response.json,2026-09-19T16:56:47.992804018Z,CompletionQuiz,01M2X9J92YK907NGA08E7TPN5E,0,error,,1143,402_model_not_in_free_tier,0,
20260919T165648.462ZZ_01M2X9JQJEE010VCG1HQF8MTTZ_EssayQuiz_seed1279_attempt2_response.json,2026-09-19T16:56:48.462426913Z,EssayQuiz,01M2X9J92YM6GAV8AM1F2NBJ6S,2,error,,3745,402_model_not_in_free_tier,0,
20260919T165648.506ZZ_01M2X9JQKTYMBW5VHM2G84PK08_CompletionQuiz_seed1279_attempt2_response.json,2026-09-19T16:56:48.505766425Z,CompletionQuiz,01M2X9J92YM6GAV8AM1F2NBJ6S,2,error,,3724,402_model_not_in_free_tier,0,
20260919T165749.575ZZ_01M2X9MK87Q31DNM0WJDM3SPW7_MultipleChoiceQuiz_seed1254_attempt0_response.json,2026-09-19T16:57:49.575578945Z,MultipleChoiceQuiz,01M2X9MJAFWYKT89A8RAB8J5Q7,0,ok,skipped,885,,17,0
20260919T165749.968ZZ_01M2X9MKMG0617KFMF6Z5E04EX_MultipleChoiceQuiz_seed1251_attempt0_response.json,2026-09-19T16:57:49.968060952Z,MultipleChoiceQuiz,01M2X9MJAF9REHSD1CM2HSW3J7,0,ok,skipped,1280,,17,0
20260919T165750.732ZZ_01M2X9MMCC66MFKJYNSMSHE3F3_CompletionQuiz_seed1254_attempt0_response.json,2026-09-19T16:57:50.731830817Z,CompletionQuiz,01M2X9MJAFWYKT89A8RAB8J5Q7,0,ok,rejected,2042,,21,0
20260919T165751.113ZZ_01M2X9MMR92C1V99XTMT1WVWFM_EssayQuiz_seed1251_attempt0_response.json,2026-09-19T16:57:51.112889829Z,EssayQuiz,01M2X9MJAF9REHSD1CM2HSW3J7,0,ok,skipped,2425,,21,0
20260919T165751.705ZZ_01M2X9MNASBSH6VJW3SZ7WKBED_CompletionQuiz_seed1251_attempt0_response.json,2026-09-19T16:57:51.705551707Z,CompletionQuiz,01M2X9MJAF9REHSD1CM2HSW3J7,0,ok,rejected,3017,,21,0
20260919T165753.856ZZ_01M2X9MQE03CGQ6SD092AWAMDJ_MultipleChoiceQuiz_seed1258_attempt0_response.json,2026-09-19T16:57:53.855846093Z,MultipleChoiceQuiz,01M2X9MJAFQE5YG5NMS0RS9A3K,0,ok,ok,5162,,2530,3
20260919T165755.456ZZ_01M2X9MS00FNTYH5QWAMX52F56_EssayQuiz_seed1258_attempt0_response.json,2026-09-19T16:57:55.455627915Z,EssayQuiz,01M2X9MJAFQE5YG5NMS0RS9A3K,0,ok,ok,6765,,1941,3
20260919T165757.170ZZ_01M2X9MTNJTRDC0Z78AJH2WDBR_CompletionQuiz_seed1261_attempt0_response.json,2026-09-19T16:57:57.169431852Z,CompletionQuiz,01M2X9MJAFVH9SMTZ80ZJTVSX0,0,ok,rejected,7198,,1362,6
20260919T165759.296ZZ_01M2X9MWR0N2AKQQGZ5YYEYZRF_MultipleChoiceQuiz_seed1265_attempt0_response.json,2026-09-19T16:57:59.296011724Z,MultipleChoiceQuiz,01M2X9MJAF4GCPZV2A8AY2JADQ,0,ok,ok,8561,,2319,4
20260919T165800.415ZZ_01M2X9MXTZA2CQTMD1VA21FRV7_EssayQuiz_seed1265_attempt0_response.json,2026-09-19T16:58:00.414638844Z,EssayQuiz,01M2X9MJAF4GCPZV2A8AY2JADQ,0,ok,ok,9299,,1459,3
20260919T165801.695ZZ_01M2X9MZ2ZAEWRGDQTC9JJC2PX_CompletionQuiz_seed1265_attempt0_response.json,2026-09-19T16:58:01.694423838Z,CompletionQuiz,01M2X9MJAF4GCPZV2A8AY2JADQ,0,ok,rejected,9986,,1592,6
20260919T165803.773ZZ_01M2X9N13XXT8TTSWCR7ZN5KNR_MultipleChoiceQuiz_seed1268_attempt0_response.json,2026-09-19T16:58:03.772343008Z,MultipleChoiceQuiz,01M2X9MJAFPTWSEBDHRG3JCGZV,0,ok,ok,9911,,2240,4
20260919T165805.116ZZ_01M2X9N2DWHB602EJ7V322A6ZQ_EssayQuiz_seed1268_attempt0_response.json,2026-09-19T16:58:05.115865154Z,EssayQuiz,01M2X9MJAFPTWSEBDHRG3JCGZV,0,ok,ok,9654,,1554,5
20260919T165806.655ZZ_01M2X9N3XZVV6XWD9X62425JM8_CompletionQuiz_seed1268_attempt0_response.json,2026-09-19T16:58:06.654806545Z,CompletionQuiz,01M2X9MJAFPTWSEBDHRG3JCGZV,0,ok,rejected,9482,,1836,8
20260919T165807.774ZZ_01M2X9N50Y7X1D1WTQYHZ0W3GX_MultipleChoiceQuiz_seed1272_attempt0_response.json,2026-09-19T16:58:07.774407539Z,MultipleChoiceQuiz,01M2X9MJAFVF5BN0M6SYCNGK58,0,ok,ok,8472,,868,2
20260919T165808.282ZZ_01M2X9N5GT6JFE3GRHR2JVPQQ4_EssayQuiz_seed1254_attempt0_response.json,2026-09-19T16:58:08.282218265Z,EssayQuiz,01M2X9MJAFWYKT89A8RAB8J5Q7,0,ok,skipped,19590,,21,0
20260919T165809.054ZZ_01M2X9N68YW70ESQ4BJ7MY0N0Z_CompletionQuiz_seed1272_attempt0_response.json,2026-09-19T16:58:09.054036225Z,CompletionQuiz,01M2X9MJAFVF5BN0M6SYCNGK58,0,ok,rejected,7355,,608,3
20260919T165811.298ZZ_01M2X9N8F28Y1TS806ZH6563FH_MultipleChoiceQuiz_seed1261_attempt0_response.json,2026-09-19T16:58:11.297527733Z,MultipleChoiceQuiz,01M2X9MJAFVH9SMTZ80ZJTVSX0,0,ok,ok,22609,,2054,4
20260919T165812.466ZZ_01M2X9N9KJWKBF5C579FY2KFC1_EssayQuiz_seed1261_attempt0_response.json,2026-09-19T16:58:12.465843901Z,EssayQuiz,01M2X9MJAFVH9SMTZ80ZJTVSX0,0,ok,ok,22888,,1184,2
20260919T165813.217ZZ_01M2X9NAB123HR494CY6CYJF8J_CompletionQuiz_seed1275_attempt0_response.json,2026-09-19T16:58:13.21677373Z,CompletionQuiz,01M2X9MJAFCS11K0MBRDBBC8Y8,0,ok,rejected,6558,,923,5
20260919T165814.976ZZ_01M2X9NC20PN850QQZGH5MW063_MultipleChoiceQuiz_seed1279_attempt0_response.json,2026-09-19T16:58:14.97612059Z,MultipleChoiceQuiz,01M2X9MJAF0Y8EFABEZKZ54AKV,0,ok,ok,7196,,1964,4
20260919T165817.395ZZ_01M2X9NEDKNYTEM8DZFN9F95KQ_EssayQuiz_seed1279_attempt0_response.json,2026-09-19T16:58:17.394466334Z,EssayQuiz,01M2X9MJAF0Y8EFABEZKZ54AKV,0,ok,ok,9109,,1593,4
20260919T165818.975ZZ_01M2X9NFYZ323VQ446BKHVAQ69_CompletionQuiz_seed1279_attempt0_response.json,2026-09-19T16:58:18.974474401Z,CompletionQuiz,01M2X9MJAF0Y8EFABEZKZ54AKV,0,ok,rejected,9918,,1788,7
20260919T165820.269ZZ_01M2X9NH7DKZQSGPQ182YSF8BH_MultipleChoiceQuiz_seed1283_attempt0_response.json,2026-09-19T16:58:20.269228834Z,MultipleChoiceQuiz,01M2X9MJAFXW818D6P1KNYSRKZ,0,ok,ok,8967,,1164,2
20260919T165821.376ZZ_01M2X9NJA0PEHGA6FN1H2E0GJ9_EssayQuiz_seed1283_attempt0_response.json,2026-09-19T16:58:21.375662669Z,EssayQuiz,01M2X9MJAFXW818D6P1KNYSRKZ,0,ok,ok,8907,,501,2
20260919T165822.654ZZ_01M2X9NKHYNY8A3DNXNWFK43WJ_CompletionQuiz_seed1283_attempt0_response.json,2026-09-19T16:58:22.654196712Z,CompletionQuiz,01M2X9MJAFXW818D6P1KNYSRKZ,0,ok,rejected,9433,,717,3
20260919T165824.096ZZ_01M2X9NMZ0Y00Q2YMSWDJWAT59_MultipleChoiceQuiz_seed1286_attempt0_response.json,2026-09-19T16:58:24.095528217Z,MultipleChoiceQuiz,01M2X9MJAFVBNTY1PWGTQVK696,0,ok,ok,9115,,1754,3
20260919T165825.698ZZ_01M2X9NPH211F8JXSZH0PYNWZZ_MultipleChoiceQuiz_seed1275_attempt0_response.json,2026-09-19T16:58:25.697860462Z,MultipleChoiceQuiz,01M2X9MJAFCS11K0MBRDBBC8Y8,0,ok,ok,21920,,1887,3
20260919T165827.024ZZ_01M2X9NQTGG1KA59N0D8G9BD0P_CompletionQuiz_seed1286_attempt0_response.json,2026-09-19T16:58:27.024005479Z,CompletionQuiz,01M2X9MJAFVBNTY1PWGTQVK696,0,ok,rejected,8045,,1658,7
20260919T165828.416ZZ_01M2X9NS600NKBA1MA5FT7A907_MultipleChoiceQuiz_seed1290_attempt0_response.json,2026-09-19T16:58:28.415395033Z,MultipleChoiceQuiz,01M2X9MJAFQ1ZEWKBFK801PPVJ,0,ok,ok,8143,,1789,3
20260919T165829.858ZZ_01M2X9NTK2F0JH3EZKY43XH93C_EssayQuiz_seed1290_attempt0_response.json,2026-09-19T16:58:29.858345117Z,EssayQuiz,01M2X9MJAFQ1ZEWKBFK801PPVJ,0,ok,ok,8480,,922,2
20260919T165831.500ZZ_01M2X9NW6CZCYEC775RFR75K6C_CompletionQuiz_seed1290_attempt0_response.json,2026-09-19T16:58:31.499540921Z,CompletionQuiz,01M2X9MJAFQ1ZEWKBFK801PPVJ,0,ok,rejected,8843,,1096,5
20260919T165833.535ZZ_01M2X9NY5ZP79FGYMNZYZGMP1N_MultipleChoiceQuiz_seed1293_attempt0_response.json,2026-09-19T16:58:33.535131762Z,MultipleChoiceQuiz,01M2X9MJAF2K8GQBX8KDF6S88H,0,ok,ok,9435,,1875,3
20260919T165834.663ZZ_01M2X9NZ97WES1Z9NJ73JQ2XM9_EssayQuiz_seed1293_attempt0_response.json,2026-09-19T16:58:34.662934165Z,EssayQuiz,01M2X9MJAF2K8GQBX8KDF6S88H,0,ok,ok,8960,,1004,2
20260919T165835.774ZZ_01M2X9P0BYQ1G4Y1VGRY2WE23H_CompletionQuiz_seed1293_attempt0_response.json,2026-09-19T16:58:35.7741017Z,CompletionQuiz,01M2X9MJAF2K8GQBX8KDF6S88H,0,ok,rejected,8747,,992,4
20260919T165837.716ZZ_01M2X9P28MXR75QFBFFGZWWT3E_MultipleChoiceQuiz_seed1297_attempt0_response.json,2026-09-19T16:58:37.715507574Z,MultipleChoiceQuiz,01M2X9MJAFK7VM3JY01R9QSBDX,0,ok,ok,9295,,1825,3
20260919T165838.974ZZ_01M2X9P3FYQ8SYKYGPN6KKG0YP_EssayQuiz_seed1297_attempt0_response.json,2026-09-19T16:58:38.974304562Z,EssayQuiz,01M2X9MJAFK7VM3JY01R9QSBDX,0,ok,ok,9114,,1070,3
20260919T165840.254ZZ_01M2X9P4QYAZHG955P7DNTD79P_CompletionQuiz_seed1297_attempt0_response.json,2026-09-19T16:58:40.254491271Z,CompletionQuiz,01M2X9MJAFK7VM3JY01R9QSBDX,0,ok,rejected,8752,,1026,4
20260919T165841.984ZZ_01M2X9P6E08WZ2T7R0A9RNYBHA_MultipleChoiceQuiz_seed1300_attempt0_response.json,2026-09-19T16:58:41.983901093Z,MultipleChoiceQuiz,01M2X9MJAFSX285X2Q6F3TSB5R,0,ok,ok,8445,,2142,3
20260919T165845.215ZZ_01M2X9P9JZH45H75W87QZAD2XP_EssayQuiz_seed1300_attempt0_response.json,2026-09-19T16:58:45.214541899Z,EssayQuiz,01M2X9MJAFSX285X2Q6F3TSB5R,0,ok,ok,10548,,1367,2
20260919T165846.495ZZ_01M2X9PATZWCNFXF4CMEHW1HRR_CompletionQuiz_seed1300_attempt0_response.json,2026-09-19T16:58:46.494582706Z,CompletionQuiz,01M2X9MJAFSX285X2Q6F3TSB5R,0,ok,rejected,10717,,1573,6
20260919T165848.061ZZ_01M2X9PCBX504KM3C7CH6ACHMD_MultipleChoiceQuiz_seed1304_attempt0_response.json,2026-09-19T16:58:48.060502468Z,MultipleChoiceQuiz,01M2X9MJAFBE94JAZDQETPJDWQ,0,ok,ok,10340,,2034,3
20260919T165849.055ZZ_01M2X9PDAZZZ68R642YQQQPYP7_EssayQuiz_seed1304_attempt0_response.json,2026-09-19T16:58:49.055008159Z,EssayQuiz,01M2X9MJAFBE94JAZDQETPJDWQ,0,ok,ok,10077,,793,2
20260919T165850.015ZZ_01M2X9PE8Z3TJ2JMZNEBG0N04X_CompletionQuiz_seed1304_attempt0_response.json,2026-09-19T16:58:50.014406774Z,CompletionQuiz,01M2X9MJAFBE94JAZDQETPJDWQ,0,ok,rejected,9756,,1275,5
20260919T165852.097ZZ_01M2X9PGA1GEP539T82ENP9NK9_MultipleChoiceQuiz_seed1308_attempt0_response.json,2026-09-19T16:58:52.097094892Z,MultipleChoiceQuiz,01M2X9MJAFNYMV6MANQR8K07FG,0,ok,ok,10109,,2122,4
20260919T165853.354ZZ_01M2X9PHHA0BJXKQY7GD6M3HJ8_EssayQuiz_seed1308_attempt0_response.json,2026-09-19T16:58:53.353660785Z,EssayQuiz,01M2X9MJAFNYMV6MANQR8K07FG,0,ok,ok,8135,,1431,3
20260919T165855.246ZZ_01M2X9PKCEC8ZB91TWY2D8E58D_CompletionQuiz_seed1308_attempt0_response.json,2026-09-19T16:58:55.24595467Z,CompletionQuiz,01M2X9MJAFNYMV6MANQR8K07FG,0,ok,rejected,8748,,1536,6
20260919T165857.556ZZ_01M2X9PNMMSTJ309ETD6WS1112_MultipleChoiceQuiz_seed1311_attempt0_response.json,2026-09-19T16:58:57.556198155Z,MultipleChoiceQuiz,01M2X9MJAFZ5Q89VBJEQMPAD1N,0,ok,ok,9491,,1733,3
20260919T165858.737ZZ_01M2X9PPSHKX35MGRN9H00N0N4_EssayQuiz_seed1311_attempt0_response.json,2026-09-19T16:58:58.736655616Z,EssayQuiz,01M2X9MJAFZ5Q89VBJEQMPAD1N,0,ok,ok,9679,,840,2
20260919T165859.633ZZ_01M2X9PQNHCR0ER6FX9A5HM4H2_CompletionQuiz_seed1311_attempt0_response.json,2026-09-19T16:58:59.633430689Z,CompletionQuiz,01M2X9MJAFZ5Q89VBJEQMPAD1N,0,ok,rejected,9615,,1005,4
20260919T165900.886ZZ_01M2X9PRWPRQH799RV7190ZGD7_CompletionQuiz_seed1258_attempt0_response.json,2026-09-19T16:59:00.886235337Z,CompletionQuiz,01M2X9MJAFQE5YG5NMS0RS9A3K,0,error,,72194,429_rate_limited,0,
20260919T165901.126ZZ_01M2X9PS4635V59CTXY383M36S_MultipleChoiceQuiz_seed1315_attempt0_response.json,2026-09-19T16:59:01.126011657Z,MultipleChoiceQuiz,01M2X9MJAFAAY8PE80BHRP5ZJN,0,ok,ok,9024,,1610,3
20260919T165901.390ZZ_01M2X9PSCEEXYB6N24CMZV506R_EssayQuiz_seed1275_attempt0_response.json,2026-09-19T16:59:01.390283592Z,EssayQuiz,01M2X9MJAFCS11K0MBRDBBC8Y8,0,error,,56270,429_rate_limited,0,
20260919T165902.218ZZ_01M2X9PT6AZJM213BH0TF0FSGG_EssayQuiz_seed1315_attempt0_response.json,2026-09-19T16:59:02.218398707Z,EssayQuiz,01M2X9MJAFAAY8PE80BHRP5ZJN,0,ok,ok,8862,,854,2
20260919T165904.790ZZ_01M2X9PWPPR6FS4DR062K7X32H_CompletionQuiz_seed1315_attempt0_response.json,2026-09-19T16:59:04.790146845Z,CompletionQuiz,01M2X9MJAFAAY8PE80BHRP5ZJN,0,ok,rejected,9541,,974,4
20260919T165904.894ZZ_01M2X9PWSY82H3GCQNH993QZPB_EssayQuiz_seed1272_attempt0_response.json,2026-09-19T16:59:04.894607389Z,EssayQuiz,01M2X9MJAFVF5BN0M6SYCNGK58,0,error,,64476,429_rate_limited,0,
20260919T165906.016ZZ_01M2X9PXX0QA6HQH0Z0J62DRNZ_MultipleChoiceQuiz_seed1318_attempt0_response.json,2026-09-19T16:59:06.016064916Z,MultipleChoiceQuiz,01M2X9MJAFV0RWJ7PA925GMYV3,0,ok,ok,8455,,1769,3
20260919T165906.987ZZ_01M2X9PYVBWJJJ1MKE53VA4ZD4_EssayQuiz_seed1318_attempt0_response.json,2026-09-19T16:59:06.986949473Z,EssayQuiz,01M2X9MJAFV0RWJ7PA925GMYV3,0,ok,ok,8247,,1260,3
20260919T165908.201ZZ_01M2X9Q0198KWERG81VBXT8830_CompletionQuiz_seed1318_attempt0_response.json,2026-09-19T16:59:08.201062554Z,CompletionQuiz,01M2X9MJAFV0RWJ7PA925GMYV3,0,ok,rejected,8564,,1572,6
20260919T165910.324ZZ_01M2X9Q23NVNXND9SWSH82RXGN_MultipleChoiceQuiz_seed1322_attempt0_response.json,2026-09-19T16:59:10.324123552Z,MultipleChoiceQuiz,01M2X9MJAFMTGA0A04GHBXHRY0,0,ok,ok,9194,,2727,4
20260919T165911.294ZZ_01M2X9Q31YZ8Q1532RP45T5P9P_EssayQuiz_seed1322_attempt0_response.json,2026-09-19T16:59:11.294439043Z,EssayQuiz,01M2X9MJAFMTGA0A04GHBXHRY0,0,ok,ok,9072,,1019,2
20260919T165912.903ZZ_01M2X9Q4M7X8GECP90GYFC404W_CompletionQuiz_seed1322_attempt0_response.json,2026-09-19T16:59:12.902536687Z,CompletionQuiz,01M2X9MJAFMTGA0A04GHBXHRY0,0,ok,rejected,8107,,1601,6
20260919T165914.962ZZ_01M2X9Q6MJ7A7C7E1QJQ53XNXJ_MultipleChoiceQuiz_seed1325_attempt0_response.json,2026-09-19T16:59:14.961995723Z,MultipleChoiceQuiz,01M2X9MJAFFQP5NAV9PMG44T1P,0,ok,ok,8943,,1986,3
20260919T165915.239ZZ_01M2X9Q6X7TMZ0G56DQBMZMPEJ_EssayQuiz_seed1325_attempt0_response.json,2026-09-19T16:59:15.23856834Z,EssayQuiz,01M2X9MJAFFQP5NAV9PMG44T1P,0,ok,ok,8249,,1261,3
20260919T165917.538ZZ_01M2X9Q9522P148V7XF2ZKMN5S_CompletionQuiz_seed1325_attempt0_response.json,2026-09-19T16:59:17.537606639Z,CompletionQuiz,01M2X9MJAFFQP5NAV9PMG44T1P,0,ok,rejected,9333,,1471,5
20260919T165918.866ZZ_01M2X9QAEJBVF6Q9NBDRSYR50G_MultipleChoiceQuiz_seed1329_attempt0_response.json,2026-09-19T16:59:18.866099224Z,MultipleChoiceQuiz,01M2X9MJAFS40WGHT69YG2TG5X,0,ok,ok,8537,,1949,3
20260919T165918.961ZZ_01M2X9QAHH424VGHV8AN32J0AV_EssayQuiz_seed1286_attempt0_response.json,2026-09-19T16:59:18.960937167Z,EssayQuiz,01M2X9MJAFVBNTY1PWGTQVK696,0,error,,61562,429_rate_limited,0,
20260919T165919.180ZZ_01M2X9QARC7J98GQ0AA4NXKVAZ_EssayQuiz_seed1329_attempt0_response.json,2026-09-19T16:59:19.180296136Z,EssayQuiz,01M2X9MJAFS40WGHT69YG2TG5X,0,ok,ok,7883,,1001,2
20260919T165921.848ZZ_01M2X9QDBR9N3T2XJ2XK99A957_CompletionQuiz_seed1329_attempt0_response.json,2026-09-19T16:59:21.848012711Z,CompletionQuiz,01M2X9MJAFS40WGHT69YG2TG5X,0,ok,rejected,8942,,1451,5
20260919T165923.720ZZ_01M2X9QF68GRGFS98Q3KGDRZBC_CompletionQuiz_seed1258_attempt0_response.json,2026-09-19T16:59:23.719789253Z,CompletionQuiz,01M2X9MJAFQE5YG5NMS0RS9A3K,0,ok,rejected,95027,,2169,8
20260919T165924.896ZZ_01M2X9QGB05PJ85PAYYJFZ4KJF_MultipleChoiceQuiz_seed1332_attempt0_response.json,2026-09-19T16:59:24.895485887Z,MultipleChoiceQuiz,01M2X9MJAF5TDX29TY16RSZ983,0,ok,ok,9928,,2626,4
20260919T165925.900ZZ_01M2X9QHACXY2NPRVCXTP6DQ5K_EssayQuiz_seed1275_attempt0_response.json,2026-09-19T16:59:25.900208175Z,EssayQuiz,01M2X9MJAFCS11K0MBRDBBC8Y8,0,ok,ok,80780,,1228,4
20260919T165931.213ZZ_01M2X9QPGDHTKC0NYQW031D22C_MultipleChoiceQuiz_seed1336_attempt0_response.json,2026-09-19T16:59:31.213034021Z,MultipleChoiceQuiz,01M2X9MJAF4A81WYGFTT8F07RG,0,ok,ok,12343,,1773,3
20260919T165932.226ZZ_01M2X9QQG2TFGWG2Q9QRRSRSRW_EssayQuiz_seed1336_attempt0_response.json,2026-09-19T16:59:32.226436758Z,EssayQuiz,01M2X9MJAF4A81WYGFTT8F07RG,0,ok,ok,13041,,586,1
20260919T165934.544ZZ_01M2X9QSRGY22Y9EM703V2EPRF_CompletionQuiz_seed1336_attempt0_response.json,2026-09-19T16:59:34.543682094Z,CompletionQuiz,01M2X9MJAF4A81WYGFTT8F07RG,0,ok,rejected,12692,,1129,4
20260919T165935.935ZZ_01M2X9QV3ZF1ZNFJ5J5M84RES2_MultipleChoiceQuiz_seed1340_attempt0_response.json,2026-09-19T16:59:35.935045708Z,MultipleChoiceQuiz,01M2X9MJAFR96AT8FMFKV97Z6A,0,ok,ok,12210,,2548,4
20260919T165937.384ZZ_01M2X9QWH84BKCTJHGYC7DM6HC_EssayQuiz_seed1340_attempt0_response.json,2026-09-19T16:59:37.383763312Z,EssayQuiz,01M2X9MJAFR96AT8FMFKV97Z6A,0,ok,ok,12484,,1652,3
20260919T165938.976ZZ_01M2X9QY30FZ62126DQ6SCEJ2H_CompletionQuiz_seed1340_attempt0_response.json,2026-09-19T16:59:38.975333604Z,CompletionQuiz,01M2X9MJAFR96AT8FMFKV97Z6A,0,ok,rejected,13071,,2117,7
20260919T165939.864ZZ_01M2X9QYYRK33AZS7T7ZGK21NG_EssayQuiz_seed1272_attempt0_response.json,2026-09-19T16:59:39.864202108Z,EssayQuiz,01M2X9MJAFVF5BN0M6SYCNGK58,0,ok,ok,99446,,687,2
20260919T165940.867ZZ_01M2X9QZY38ZVX2AKK9H8BHMQV_EssayQuiz_seed1343_attempt0_response.json,2026-09-19T16:59:40.867004429Z,EssayQuiz,01M2X9MJAF6JRD0M4DZS301RRC,0,ok,ok,8637,,1068,3
20260919T165942.703ZZ_01M2X9R1QFYW4HJQYF4Y5MM4NW_CompletionQuiz_seed1343_attempt0_response.json,2026-09-19T16:59:42.703496773Z,CompletionQuiz,01M2X9MJAF6JRD0M4DZS301RRC,0,ok,rejected,8156,,736,3
20260919T165943.257ZZ_01M2X9R28SM5GDBJM39FGS10JR_CompletionQuiz_seed1347_attempt0_response.json,2026-09-19T16:59:43.257443483Z,CompletionQuiz,01M2X9MJAFT7RG76AYEMNRWYP3,0,ok,rejected,4279,,438,2
20260919T165943.941ZZ_01M2X9R2Y55GBD6VJ6H0F0B66C_EssayQuiz_seed1347_attempt0_response.json,2026-09-19T16:59:43.941553533Z,EssayQuiz,01M2X9MJAFT7RG76AYEMNRWYP3,0,ok,ok,6555,,486,1
20260919T165943.953ZZ_01M2X9R2YHCTGWT87KZCTPYPR6_MultipleChoiceQuiz_seed1347_attempt0_response.json,2026-09-19T16:59:43.952845225Z,MultipleChoiceQuiz,01M2X9MJAFT7RG76AYEMNRWYP3,0,ok,ok,8013,,499,1
20260919T165944.609ZZ_01M2X9R3K1T9DJ29FAVR2P2J08_MultipleChoiceQuiz_seed1350_attempt0_response.json,2026-09-19T16:59:44.608628382Z,MultipleChoiceQuiz,01M2X9MJAFQ565R22Q2TZVFB50,0,ok,ok,4741,,935,2
20260919T165946.328ZZ_01M2X9R58RMJBBQFHQDQXRGRNF_EssayQuiz_seed1350_attempt0_response.json,2026-09-19T16:59:46.328425321Z,EssayQuiz,01M2X9MJAFQ565R22Q2TZVFB50,0,ok,ok,5458,,408,1
20260919T165946.328ZZ_01M2X9R58RMZ1CRGQWTSYSRM2M_CompletionQuiz_seed1350_attempt0_response.json,2026-09-19T16:59:46.328286655Z,CompletionQuiz,01M2X9MJAFQ565R22Q2TZVFB50,0,ok,rejected,3621,,687,3
20260919T165947.301ZZ_01M2X9R675VTAB2PY0FGZBSSY1_MultipleChoiceQuiz_seed1354_attempt0_response.json,2026-09-19T16:59:47.300862723Z,MultipleChoiceQuiz,01M2X9MJAF8DRKXAK9J79XT624,0,ok,ok,4040,,2048,3
20260919T165949.224ZZ_01M2X9R8388VAAGV4E6JEW9HA5_CompletionQuiz_seed1354_attempt0_response.json,2026-09-19T16:59:49.224119587Z,CompletionQuiz,01M2X9MJAF8DRKXAK9J79XT624,0,ok,rejected,5269,,790,3
20260919T165949.224ZZ_01M2X9R838W78EB6MF7Z3ACG20_EssayQuiz_seed1354_attempt0_response.json,2026-09-19T16:59:49.223581829Z,EssayQuiz,01M2X9MJAF8DRKXAK9J79XT624,0,ok,ok,5279,,841,3
20260919T165953.383ZZ_01M2X9RC57A765Q3PKTXTSVT1Q_MultipleChoiceQuiz_seed1357_attempt0_response.json,2026-09-19T16:59:53.382702641Z,MultipleChoiceQuiz,01M2X9MJAF82YCGKXE63W3HZBF,0,ok,ok,8770,,2973,5
20260919T165954.064ZZ_01M2X9RCTG5VG4S54462GH4YRD_EssayQuiz_seed1357_attempt0_response.json,2026-09-19T16:59:54.063472401Z,EssayQuiz,01M2X9MJAF82YCGKXE63W3HZBF,0,ok,ok,7729,,2677,5
20260919T165957.377ZZ_01M2X9RG21G30RMMHEAS4PMH7Y_CompletionQuiz_seed1357_attempt0_response.json,2026-09-19T16:59:57.376403385Z,CompletionQuiz,01M2X9MJAF82YCGKXE63W3HZBF,0,ok,rejected,11043,,2460,10
20260919T165958.016ZZ_01M2X9RGP0MJB74YJ5GQQ8T7YP_EssayQuiz_seed1361_attempt0_response.json,2026-09-19T16:59:58.015870031Z,EssayQuiz,01M2X9MJAF2RZST09KMRGQ9A1A,0,ok,ok,8789,,1092,3
20260919T165959.112ZZ_01M2X9RHR8ZVJRD085B6EW97TH_CompletionQuiz_seed1361_attempt0_response.json,2026-09-19T16:59:59.11148995Z,CompletionQuiz,01M2X9MJAF2RZST09KMRGQ9A1A,0,ok,rejected,9885,,1055,4
20260919T165959.293ZZ_01M2X9RHXX88DE9KQR1N9A1HF4_MultipleChoiceQuiz_seed1361_attempt0_response.json,2026-09-19T16:59:59.293359147Z,MultipleChoiceQuiz,01M2X9MJAF2RZST09KMRGQ9A1A,0,ok,ok,11989,,1698,3
20260919T170000.575ZZ_01M2X9RK5ZRYM511QV4K1HGXRB_EssayQuiz_seed1286_attempt0_response.json,2026-09-19T17:00:00.574842037Z,EssayQuiz,01M2X9MJAFVBNTY1PWGTQVK696,0,ok,ok,103176,,1487,3
20260919T170003.787ZZ_01M2X9RPABK36TWQD80EG7PEE2_EssayQuiz_seed1365_attempt0_response.json,2026-09-19T17:00:03.786438351Z,EssayQuiz,01M2X9MJAFAAR0ATCK0DCNEBNF,0,ok,ok,9718,,3228,6
20260919T170007.097ZZ_01M2X9RSHSE38ZN89FQTSJF3EA_CompletionQuiz_seed1365_attempt0_response.json,2026-09-19T17:00:07.096153581Z,CompletionQuiz,01M2X9MJAFAAR0ATCK0DCNEBNF,0,ok,rejected,9714,,3823,16
20260919T170007.098ZZ_01M2X9RSHTZ7MPV9E3G8RMSBM6_MultipleChoiceQuiz_seed1368_attempt0_response.json,2026-09-19T17:00:07.097695518Z,MultipleChoiceQuiz,01M2X9MJAF13EHKF4FQ87K7CSE,0,ok,ok,9078,,1079,3
20260919T170018.910ZZ_01M2X9S52YEEW25A507CGYZ1ZC_EssayQuiz_seed1368_attempt0_response.json,2026-09-19T17:00:18.910148113Z,EssayQuiz,01M2X9MJAF13EHKF4FQ87K7CSE,0,ok,ok,19794,,656,1
20260919T170020.059ZZ_01M2X9S66VCH21GDG3ZJKP4XZW_CompletionQuiz_seed1368_attempt0_response.json,2026-09-19T17:00:20.059412079Z,CompletionQuiz,01M2X9MJAF13EHKF4FQ87K7CSE,0,ok,rejected,20763,,502,3
20260919T170021.923ZZ_01M2X9S813SDMSWFVB0PWEB1NT_CompletionQuiz_seed1332_attempt0_response.json,2026-09-19T17:00:21.923109016Z,CompletionQuiz,01M2X9MJAF5TDX29TY16RSZ983,0,error,,64381,429_rate_limited,0,
20260919T170022.268ZZ_01M2X9S8BWW4ND1YB2HPK3H9PM_MultipleChoiceQuiz_seed1372_attempt0_response.json,2026-09-19T17:00:22.267086977Z,MultipleChoiceQuiz,01M2X9MJAFWRTFWFME18A6W4R2,0,ok,ok,21688,,3194,5
20260919T170025.544ZZ_01M2X9SBJ8WR07XYZJPVQW07C4_EssayQuiz_seed1372_attempt0_response.json,2026-09-19T17:00:25.543791239Z,EssayQuiz,01M2X9MJAFWRTFWFME18A6W4R2,0,ok,ok,21754,,1936,3
20260919T170026.690ZZ_01M2X9SCP2GHSA78N1VSGVFH33_EssayQuiz_seed1332_attempt0_response.json,2026-09-19T17:00:26.690074079Z,EssayQuiz,01M2X9MJAF5TDX29TY16RSZ983,0,ok,ok,71448,,1723,4
20260919T170029.544ZZ_01M2X9SFF865NETGJPD0S6GVAG_CompletionQuiz_seed1372_attempt0_response.json,2026-09-19T17:00:29.543638974Z,CompletionQuiz,01M2X9MJAFWRTFWFME18A6W4R2,0,ok,rejected,22439,,2369,10
20260919T170031.051ZZ_01M2X9SGYBD8KQS31KV9Y113HG_MultipleChoiceQuiz_seed1343_attempt0_response.json,2026-09-19T17:00:31.051009274Z,MultipleChoiceQuiz,01M2X9MJAF6JRD0M4DZS301RRC,0,error,,59832,429_rate_limited,0,
20260919T170031.136ZZ_01M2X9SH10QJG9SFKX6YBGEA7V_MultipleChoiceQuiz_seed1375_attempt0_response.json,2026-09-19T17:00:31.136038723Z,MultipleChoiceQuiz,01M2X9MJAF57910EN8157ZT5XR,0,ok,ok,24034,,1832,3
20260919T170033.214ZZ_01M2X9SK1Y7PFZA8R043HDSP9B_CompletionQuiz_seed1375_attempt0_response.json,2026-09-19T17:00:33.214352742Z,CompletionQuiz,01M2X9MJAF57910EN8157ZT5XR,0,ok,rejected,13151,,1493,6
20260919T170036.095ZZ_01M2X9SNVZRQY7SEKW6P97DJW5_CompletionQuiz_seed1332_attempt0_response.json,2026-09-19T17:00:36.094824406Z,CompletionQuiz,01M2X9MJAF5TDX29TY16RSZ983,0,ok,rejected,78553,,2145,8
20260919T170037.397ZZ_01M2X9SQ4N8AYW7SS30454Q8J0_EssayQuiz_seed1379_attempt0_response.json,2026-09-19T17:00:37.396479803Z,EssayQuiz,01M2X9MJAGTB8VK9PVY00TZBPM,0,ok,ok,11848,,1428,3
20260919T170040.738ZZ_01M2X9STD2QA7Y42ETAHV1GHB2_MultipleChoiceQuiz_seed1365_attempt0_response.json,2026-09-19T17:00:40.737563369Z,MultipleChoiceQuiz,01M2X9MJAFAAR0ATCK0DCNEBNF,0,ok,ok,47350,,3673,7
20260919T170042.176ZZ_01M2X9SVT0613J4BW6B1A64AP8_MultipleChoiceQuiz_seed1382_attempt0_response.json,2026-09-19T17:00:42.175855618Z,MultipleChoiceQuiz,01M2X9MJAGJ3TMDKAMBXN9HJYZ,0,ok,ok,12629,,1836,4
20260919T170043.615ZZ_01M2X9SX6Z3DNDHRDVQJM7GG3B_EssayQuiz_seed1382_attempt0_response.json,2026-09-19T17:00:43.614852051Z,EssayQuiz,01M2X9MJAGJ3TMDKAMBXN9HJYZ,0,ok,ok,12476,,1123,3
20260919T170045.338ZZ_01M2X9SYWT42MQ1M6MD3Q7VRM3_CompletionQuiz_seed1382_attempt0_response.json,2026-09-19T17:00:45.338215214Z,CompletionQuiz,01M2X9MJAGJ3TMDKAMBXN9HJYZ,0,ok,rejected,12121,,1633,7
20260919T170045.631ZZ_01M2X9SZ5Z4RHRRV8MBBNH0CNB_MultipleChoiceQuiz_seed1386_attempt0_response.json,2026-09-19T17:00:45.630762923Z,MultipleChoiceQuiz,01M2X9MJAGV34PCCAYY80H8B88,0,ok,skipped,9531,,17,0
20260919T170046.160ZZ_01M2X9SZPGVWEKDA63FR5YHDM5_EssayQuiz_seed1386_attempt0_response.json,2026-09-19T17:00:46.159905461Z,EssayQuiz,01M2X9MJAGV34PCCAYY80H8B88,0,ok,skipped,8760,,21,0
20260919T170047.027ZZ_01M2X9T0HKZC4DTT7SVASYFJBN_CompletionQuiz_seed1386_attempt0_response.json,2026-09-19T17:00:47.027370205Z,CompletionQuiz,01M2X9MJAGV34PCCAYY80H8B88,0,ok,rejected,6286,,795,4
20260919T170050.016ZZ_01M2X9T3F00TZ1FSYYH7PZYCN0_MultipleChoiceQuiz_seed1389_attempt0_response.json,2026-09-19T17:00:50.015854599Z,MultipleChoiceQuiz,01M2X9MJAGRBA3EE5ZBXYDZRP8,0,ok,ok,7837,,2470,4
20260919T170052.097ZZ_01M2X9T5G1KPZC3A8K0204WKW6_EssayQuiz_seed1389_attempt0_response.json,2026-09-19T17:00:52.096410694Z,EssayQuiz,01M2X9MJAGRBA3EE5ZBXYDZRP8,0,ok,ok,8479,,2088,5
20260919T170055.021ZZ_01M2X9T8BDPNRSQS3T35VQ5GK0_CompletionQuiz_seed1389_attempt0_response.json,2026-09-19T17:00:55.020272654Z,CompletionQuiz,01M2X9MJAGRBA3EE5ZBXYDZRP8,0,ok,rejected,9678,,2571,11
20260919T170056.504ZZ_01M2X9T9SRDWGSCHESDJD1XFG8_MultipleChoiceQuiz_seed1343_attempt0_response.json,2026-09-19T17:00:56.503988779Z,MultipleChoiceQuiz,01M2X9MJAF6JRD0M4DZS301RRC,0,ok,ok,85285,,1740,3
20260919T170058.335ZZ_01M2X9TBJZ4KN46K3XHBMZH0M4_CompletionQuiz_seed1379_attempt0_response.json,2026-09-19T17:00:58.335006639Z,CompletionQuiz,01M2X9MJAGTB8VK9PVY00TZBPM,0,ok,rejected,31642,,2030,10
20260919T170059.406ZZ_01M2X9TCMEPRX0C9QKXS175R91_CompletionQuiz_seed1393_attempt0_response.json,2026-09-19T17:00:59.405876216Z,CompletionQuiz,01M2X9MJAGTVMCXF609VC870D7,0,ok,rejected,12374,,704,4
20260919T170101.382ZZ_01M2X9TEJ6KGYGC3AMDCBQFE5B_MultipleChoiceQuiz_seed1397_attempt0_response.json,2026-09-19T17:01:01.381637577Z,MultipleChoiceQuiz,01M2X9MJAGKKQ28J91V8WJJXFV,0,ok,ok,11360,,1741,3
20260919T170102.400ZZ_01M2X9TFJ0NC0KMN81YGT1VZ9V_EssayQuiz_seed1397_attempt0_response.json,2026-09-19T17:01:02.399729201Z,EssayQuiz,01M2X9MJAGKKQ28J91V8WJJXFV,0,ok,ok,10299,,1015,2
20260919T170104.255ZZ_01M2X9THBZ44MAJ7QNW4FZSQXS_CompletionQuiz_seed1397_attempt0_response.json,2026-09-19T17:01:04.255062048Z,CompletionQuiz,01M2X9MJAGKKQ28J91V8WJJXFV,0,ok,rejected,9231,,1668,6
20260919T170106.024ZZ_01M2X9TK38TVKCPVKPS4TCE3J2_MultipleChoiceQuiz_seed1400_attempt0_response.json,2026-09-19T17:01:06.023998919Z,MultipleChoiceQuiz,01M2X9MJAGQVH879FVBTBNMMZT,0,ok,ok,9516,,1899,4
20260919T170106.984ZZ_01M2X9TM18PXV3HFW2HZJQ7PK2_EssayQuiz_seed1400_attempt0_response.json,2026-09-19T17:01:06.984206698Z,EssayQuiz,01M2X9MJAGQVH879FVBTBNMMZT,0,ok,ok,8647,,1030,3
20260919T170108.424ZZ_01M2X9TNE82CVYAW6QN7WJCTMV_CompletionQuiz_seed1400_attempt0_response.json,2026-09-19T17:01:08.423499873Z,CompletionQuiz,01M2X9MJAGQVH879FVBTBNMMZT,0,ok,rejected,9015,,1284,6
20260919T170110.023ZZ_01M2X9TQ07Z9M6CX7PK1SMQMJV_MultipleChoiceQuiz_seed1404_attempt0_response.json,2026-09-19T17:01:10.022840144Z,MultipleChoiceQuiz,01M2X9MJAGHCPSGF67BNAKX8C5,0,ok,ok,8637,,1708,3
20260919T170112.896ZZ_01M2X9TST0ZKRPSMM9NY2FP3ND_MultipleChoiceQuiz_seed1379_attempt0_response.json,2026-09-19T17:01:12.895596829Z,MultipleChoiceQuiz,01M2X9MJAGTB8VK9PVY00TZBPM,0,ok,ok,50624,,2617,4
20260919T170114.185ZZ_01M2X9TV29KSA141QAN48HPSKW_CompletionQuiz_seed1404_attempt0_response.json,2026-09-19T17:01:14.18401764Z,CompletionQuiz,01M2X9MJAGHCPSGF67BNAKX8C5,0,ok,rejected,9926,,1443,6
20260919T170115.617ZZ_01M2X9TWF1D3MM3EA0MWBZ8GRH_MultipleChoiceQuiz_seed1407_attempt0_response.json,2026-09-19T17:01:15.616873093Z,MultipleChoiceQuiz,01M2X9MJAGMQV8MK5EAB9W0NF8,0,ok,ok,9588,,1178,2
20260919T170116.263ZZ_01M2X9TX37Q2VCV7ZF5MYZV0QT_EssayQuiz_seed1407_attempt0_response.json,2026-09-19T17:01:16.262942851Z,EssayQuiz,01M2X9MJAGMQV8MK5EAB9W0NF8,0,ok,ok,9276,,531,2
20260919T170117.221ZZ_01M2X9TY15ND8B1F23VD28S9TT_CompletionQuiz_seed1407_attempt0_response.json,2026-09-19T17:01:17.221771254Z,CompletionQuiz,01M2X9MJAGMQV8MK5EAB9W0NF8,0,ok,rejected,8795,,552,2
20260919T170118.495ZZ_01M2X9TZ8ZSDRG6753BFY75EY9_MultipleChoiceQuiz_seed1411_attempt0_response.json,2026-09-19T17:01:18.495073738Z,MultipleChoiceQuiz,01M2X9MJAGRAJ2ET1BJP8ZQ2D1,0,ok,ok,8468,,1681,2
20260919T170146.784ZZ_01M2X9VTX0T8X8SZ69KF56HQ7S_EssayQuiz_seed1375_attempt0_response.json,2026-09-19T17:01:46.784380375Z,EssayQuiz,01M2X9MJAF57910EN8157ZT5XR,0,error,,87872,network_error,0,
20260919T170206.240ZZ_01M2X9WDX00DA82JTCSMT4WMRV_EssayQuiz_seed1393_attempt0_response.json,2026-09-19T17:02:06.240513229Z,EssayQuiz,01M2X9MJAGTVMCXF609VC870D7,0,error,,80078,network_error,0,
20260919T170229.284ZZ_01M2X9X4D4M9DTDNHSAE6SA7AQ_MultipleChoiceQuiz_seed1393_attempt0_response.json,2026-09-19T17:02:29.284287301Z,MultipleChoiceQuiz,01M2X9MJAGTVMCXF609VC870D7,0,error,,103650,network_error,0,
20260919T170232.718ZZ_01M2X9X7REWZVHNQ9A19Y4X8Y4_MultipleChoiceQuiz_seed1414_attempt0_response.json,2026-09-19T17:02:32.717912687Z,MultipleChoiceQuiz,01M2X9MJAGWDWGYP14G0MCGJ68,0,ok,ok,77095,,1968,4
20260919T170234.513ZZ_01M2X9X9GHEF97VF1152CQC2Z2_MultipleChoiceQuiz_seed1418_attempt0_response.json,2026-09-19T17:02:34.512280832Z,MultipleChoiceQuiz,01M2X9MJAGZC6KRQJP1NQCR75Q,0,ok,ok,76012,,2218,4
20260919T170234.945ZZ_01M2X9X9Y1AFX9646CYV1EWQWD_EssayQuiz_seed1414_attempt0_response.json,2026-09-19T17:02:34.945336415Z,EssayQuiz,01M2X9MJAGWDWGYP14G0MCGJ68,0,ok,ok,78677,,773,3
20260919T170235.729ZZ_01M2X9XAPH5M8Q15KZJMZA5C20_CompletionQuiz_seed1411_attempt0_response.json,2026-09-19T17:02:35.728681446Z,CompletionQuiz,01M2X9MJAGRAJ2ET1BJP8ZQ2D1,0,ok,rejected,81540,,1016,4
20260919T170236.748ZZ_01M2X9XBPCRWTJVFKYH157PJHH_EssayQuiz_seed1375_attempt0_response.json,2026-09-19T17:02:36.748311381Z,EssayQuiz,01M2X9MJAF57910EN8157ZT5XR,0,ok,ok,137836,,998,2
20260919T170238.400ZZ_01M2X9XDA01KSK8BP2TQPGJRTP_CompletionQuiz_seed1414_attempt0_response.json,2026-09-19T17:02:38.39984703Z,CompletionQuiz,01M2X9MJAGWDWGYP14G0MCGJ68,0,ok,rejected,81176,,221,1
20260919T170239.408ZZ_01M2X9XE9GPYFDB7Z5YJNRPZ03_EssayQuiz_seed1418_attempt0_response.json,2026-09-19T17:02:39.408072617Z,EssayQuiz,01M2X9MJAGZC6KRQJP1NQCR75Q,0,ok,ok,6686,,1232,3
20260919T170239.846ZZ_01M2X9XEQ6PJNEE2SA1NY37ET8_CompletionQuiz_seed1418_attempt0_response.json,2026-09-19T17:02:39.845730641Z,CompletionQuiz,01M2X9MJAGZC6KRQJP1NQCR75Q,0,ok,rejected,5326,,1827,8
20260919T170243.519ZZ_01M2X9XJ9Z6PZ1AP1CR3P9W1WM_EssayQuiz_seed1411_attempt0_response.json,2026-09-19T17:02:43.519538149Z,EssayQuiz,01M2X9MJAGRAJ2ET1BJP8ZQ2D1,0,error,,90616,429_rate_limited,0,
20260919T170243.857ZZ_01M2X9XJMHF2KPTZW8VQCPVP6D_MultipleChoiceQuiz_seed1393_attempt0_response.json,2026-09-19T17:02:43.857211716Z,MultipleChoiceQuiz,01M2X9MJAGTVMCXF609VC870D7,0,ok,ok,118223,,1173,2
20260919T170244.803ZZ_01M2X9XKJ3DF3VRV63ZAE308W1_EssayQuiz_seed1411_attempt0_response.json,2026-09-19T17:02:44.803297932Z,EssayQuiz,01M2X9MJAGRAJ2ET1BJP8ZQ2D1,0,ok,ok,91900,,1061,2
20260919T170249.241ZZ_01M2X9XQWS6FECXACDC51ERSYK_EssayQuiz_seed1404_attempt0_response.json,2026-09-19T17:02:49.241476808Z,EssayQuiz,01M2X9MJAGHCPSGF67BNAKX8C5,0,error,,106839,429_rate_limited,0,
20260919T170251.684ZZ_01M2X9XT941ZJY14YB7A6KZCC3_EssayQuiz_seed1404_attempt0_response.json,2026-09-19T17:02:51.684227675Z,EssayQuiz,01M2X9MJAGHCPSGF67BNAKX8C5,0,ok,ok,109282,,1012,2
20260919T170251.684ZZ_01M2X9XT94SWVBAKWTDCMJ5A0X_EssayQuiz_seed1393_attempt0_response.json,2026-09-19T17:02:51.684108146Z,EssayQuiz,01M2X9MJAGTVMCXF609VC870D7,0,ok,ok,125521,,596,2
20260919T170255.046ZZ_01M2X9XXJ6JE42GV9JE4MAT1HW_Summary_seed1234_attempt0_response.json,2026-09-19T17:02:55.045798302Z,Summary,"01M2X9MJAF9REHSD1CM2HSW3J7,01M2X9MJAF8D6XR9422YHY56C0,01M2X9MJAFC55EHQAG1J41GV9X,01M2X9MJAFWYKT89A8RAB8J5Q7,01M2X9MJAFA3Y51ZMHTQSZJ7EY,01M2X9MJAF13CTDBEXCPWT3BFM,01M2X9MJAFS2HHXMC6XR230M0P,01M2X9MJAFQE5YG5NMS0RS9A3K,01M2X9MJAF3A7NWMV3MSZGDDC9,01M2X9MJAF6BZPE3TGV071YTVS,01M2X9MJAFVH9SMTZ80ZJTVSX0,01M2X9MJAFZZYSJR3RV2DKB0AZ,01M2X9MJAF8GMJT1XCQ85GF6M7,01M2X9MJAFZXSV90EWSV03096Q,01M2X9MJAF4GCPZV2A8AY2JADQ,01M2X9MJAFZ10WYH6WNN4X0YVN,01M2X9MJAF3TC33VJBDFA5B18K,01M2X9MJAFGD01HQDHVGHZXJT1,01M2X9MJAF13EHKF4FQ87K7CSE",0,ok,rejected,3102,,3139,0
20260919T170302.250ZZ_01M2X9Y4KA5PGB2C1SS2PWYYDR_MindMap_seed1235_attempt0_response.json,2026-09-19T17:03:02.247378902Z,MindMap,"01M2X9MJAF9REHSD1CM2HSW3J7,01M2X9MJAF8D6XR9422YHY56C0,01M2X9MJAFC55EHQAG1J41GV9X,01M2X9MJAFWYKT89A8RAB8J5Q7,01M2X9MJAFA3Y51ZMHTQSZJ7EY,01M2X9MJAF13CTDBEXCPWT3BFM,01M2X9MJAFS2HHXMC6XR230M0P,01M2X9MJAFQE5YG5NMS0RS9A3K,01M2X9MJAF3A7NWMV3MSZGDDC9,01M2X9MJAF6BZPE3TGV071YTVS,01M2X9MJAFVH9SMTZ80ZJTVSX0,01M2X9MJAFZZYSJR3RV2DKB0AZ,01M2X9MJAF8GMJT1XCQ85GF6M7,01M2X9MJAFZXSV90EWSV03096Q,01M2X9MJAF4GCPZV2A8AY2JADQ,01M2X9MJAFZ10WYH6WNN4X0YVN,01M2X9MJAF3TC33VJBDFA5B18K,01M2X9MJAFGD01HQDHVGHZXJT1,01M2X9MJAF13EHKF4FQ87K7CSE",0,ok,rejected,10303,,9835,parse_fail
20260919T170917.432ZZ_01M2XA9JZRFWK6TH4CSW7CBAA7_MultipleChoiceQuiz_seed1254_attempt0_response.json,2026-09-19T17:09:17.432265244Z,MultipleChoiceQuiz,01M2XA9J27PY3ZBHV2RYHFH9M7,0,ok,skipped,849,,17,0
20260919T170917.828ZZ_01M2XA9KC4RAE6Q8SS25Z7Q89D_EssayQuiz_seed1251_attempt0_response.json,2026-09-19T17:09:17.828539007Z,EssayQuiz,01M2XA9J27R3XTKK1YG7VYHE05,0,ok,skipped,1247,,21,0
20260919T170919.741ZZ_01M2XA9N7XQC2Z9NDY7ZPVBR00_EssayQuiz_seed1258_attempt0_response.json,2026-09-19T17:09:19.740225182Z,EssayQuiz,01M2XA9J27ER6NJ61GF6J04420,0,ok,ok,3154,,2540,4
20260919T170920.214ZZ_01M2XA9NPPR1M51QZ75W5HAVRK_MultipleChoiceQuiz_seed1251_attempt0_response.json,2026-09-19T17:09:20.214309478Z,MultipleChoiceQuiz,01M2XA9J27R3XTKK1YG7VYHE05,0,ok,skipped,3633,,17,0
20260919T170921.913ZZ_01M2XA9QBSAWXGRGS44G145M42_MultipleChoiceQuiz_seed1258_attempt0_response.json,2026-09-19T17:09:21.912782515Z,MultipleChoiceQuiz,01M2XA9J27ER6NJ61GF6J04420,0,ok,ok,5324,,2203,3
20260919T170922.626ZZ_01M2XA9R22CEG0KAE2MH173JP3_EssayQuiz_seed1254_attempt0_response.json,2026-09-19T17:09:22.625707323Z,EssayQuiz,01M2XA9J27PY3ZBHV2RYHFH9M7,0,ok,skipped,6042,,21,0
20260919T170924.702ZZ_01M2XA9T2YKN0A3PT9M39ZH3R3_CompletionQuiz_seed1258_attempt0_response.json,2026-09-19T17:09:24.702203496Z,CompletionQuiz,01M2XA9J27ER6NJ61GF6J04420,0,ok,rejected,8116,,2400,10
20260919T170926.145ZZ_01M2XA9VG1QZYFWM2NHJ5B6RFR_CompletionQuiz_seed1262_attempt0_response.json,2026-09-19T17:09:26.144532501Z,CompletionQuiz,01M2XA9J271B4MKFWHZRBRVCT7,0,ok,rejected,8313,,1517,6
20260919T170928.264ZZ_01M2XA9XJ8QZF4YRY1XKCZ2R55_MultipleChoiceQuiz_seed1266_attempt0_response.json,2026-09-19T17:09:28.263607671Z,MultipleChoiceQuiz,01M2XA9J27PJKMRMWNCF942Q52,0,ok,ok,8518,,2489,5
20260919T170929.496ZZ_01M2XA9YRR48VXK411T3MTFFAR_EssayQuiz_seed1266_attempt0_response.json,2026-09-19T17:09:29.496276812Z,EssayQuiz,01M2XA9J27PJKMRMWNCF942Q52,0,ok,ok,9280,,1330,3
20260919T170931.427ZZ_01M2XAA0N32XWG9MZ7HAS0T5GQ_CompletionQuiz_seed1266_attempt0_response.json,2026-09-19T17:09:31.426053549Z,CompletionQuiz,01M2XA9J27PJKMRMWNCF942Q52,0,ok,rejected,9508,,1807,7
20260919T170934.022ZZ_01M2XAA3663XQSFCA0SK0TAHYG_MultipleChoiceQuiz_seed1270_attempt0_response.json,2026-09-19T17:09:34.020027596Z,MultipleChoiceQuiz,01M2XA9J27X9M1FENZR8T7608K,0,ok,ok,11391,,3235,5
20260919T170936.231ZZ_01M2XAA5B7BADG68HT69K7KHMF_EssayQuiz_seed1270_attempt0_response.json,2026-09-19T17:09:36.229955544Z,EssayQuiz,01M2XA9J27X9M1FENZR8T7608K,0,ok,ok,11524,,2202,5
20260919T170937.659ZZ_01M2XAA6QVEF76642E864G3CPQ_CompletionQuiz_seed1270_attempt0_response.json,2026-09-19T17:09:37.6584436Z,CompletionQuiz,01M2XA9J27X9M1FENZR8T7608K,0,ok,rejected,11510,,1809,6
20260919T170940.060ZZ_01M2XAA92WX1M99GKCHXBZHCSF_MultipleChoiceQuiz_seed1274_attempt0_response.json,2026-09-19T17:09:40.059215338Z,MultipleChoiceQuiz,01M2XA9J2701P2Z1RK7EPRXRGR,0,ok,ok,11792,,3108,5
20260919T170941.907ZZ_01M2XAAAWK3TSEBVZ3ZE8J2NM4_EssayQuiz_seed1274_attempt0_response.json,2026-09-19T17:09:41.906381079Z,EssayQuiz,01M2XA9J2701P2Z1RK7EPRXRGR,0,ok,ok,12406,,2669,4
20260919T170943.736ZZ_01M2XAACNRM56ZB77DMJM45GC4_CompletionQuiz_seed1274_attempt0_response.json,2026-09-19T17:09:43.735950183Z,CompletionQuiz,01M2XA9J2701P2Z1RK7EPRXRGR,0,ok,rejected,12304,,2583,9
20260919T170944.694ZZ_01M2XAADKPWPFA2N4J4R0XJFJ7_CompletionQuiz_seed1251_attempt0_response.json,2026-09-19T17:09:44.694699222Z,CompletionQuiz,01M2XA9J27R3XTKK1YG7VYHE05,0,ok,rejected,28111,,21,0
20260919T170946.145ZZ_01M2XAAF1162M2H58CBFVDHT8K_EssayQuiz_seed1277_attempt0_response.json,2026-09-19T17:09:46.144586484Z,EssayQuiz,01M2XA9J289Y7H4EMKPN9ZMD5H,0,ok,ok,9910,,1503,3
20260919T170947.257ZZ_01M2XAAG3SRXY6PY7WTSB9HFGF_CompletionQuiz_seed1277_attempt0_response.json,2026-09-19T17:09:47.256131029Z,CompletionQuiz,01M2XA9J289Y7H4EMKPN9ZMD5H,0,ok,rejected,9594,,1489,5
20260919T170949.661ZZ_01M2XAAJEXRFD9RAC5NH3VJJ65_MultipleChoiceQuiz_seed1281_attempt0_response.json,2026-09-19T17:09:49.66066027Z,MultipleChoiceQuiz,01M2XA9J289AY43W8QF976D3VB,0,ok,ok,9594,,2425,4
20260919T170951.264ZZ_01M2XAAM10R7FXPDX7RX112625_EssayQuiz_seed1281_attempt0_response.json,2026-09-19T17:09:51.263944179Z,EssayQuiz,01M2XA9J289AY43W8QF976D3VB,0,ok,ok,9353,,1702,3
20260919T170953.184ZZ_01M2XAANX03BXQPTF7TS1DVM5V_CompletionQuiz_seed1281_attempt0_response.json,2026-09-19T17:09:53.183741756Z,CompletionQuiz,01M2XA9J289AY43W8QF976D3VB,0,ok,rejected,9445,,2060,8
20260919T170955.418ZZ_01M2XAAR2TQ2NZ21FCSCDNYQ4S_MultipleChoiceQuiz_seed1285_attempt0_response.json,2026-09-19T17:09:55.418038672Z,MultipleChoiceQuiz,01M2XA9J28ZC136XG2QG4MVWGB,0,ok,ok,10720,,2930,5
20260919T170957.142ZZ_01M2XAASRPFPBWBZEACTA3A60K_EssayQuiz_seed1285_attempt0_response.json,2026-09-19T17:09:57.140520842Z,EssayQuiz,01M2XA9J28ZC136XG2QG4MVWGB,0,ok,ok,10991,,2170,4
20260919T171001.361ZZ_01M2XAAXWHSZBKC0782M872RSC_CompletionQuiz_seed1285_attempt0_response.json,2026-09-19T17:10:01.360322795Z,CompletionQuiz,01M2XA9J28ZC136XG2QG4MVWGB,0,ok,rejected,14099,,2791,10
20260919T171003.429ZZ_01M2XAAZX58XJ2NY4CY4EF34SF_MultipleChoiceQuiz_seed1277_attempt0_response.json,2026-09-19T17:10:03.42891971Z,MultipleChoiceQuiz,01M2XA9J289Y7H4EMKPN9ZMD5H,0,ok,ok,29398,,2152,3
20260919T171006.044ZZ_01M2XAB2EWR6GPDB3C2G6C7FN5_EssayQuiz_seed1289_attempt0_response.json,2026-09-19T17:10:06.043998519Z,EssayQuiz,01M2XA9J28CPSHZ3744325YA1P,0,ok,ok,14777,,2114,4
20260919T171008.728ZZ_01M2XAB52RYRW0K1KT0PKCG7RM_CompletionQuiz_seed1289_attempt0_response.json,2026-09-19T17:10:08.727217283Z,CompletionQuiz,01M2XA9J28CPSHZ3744325YA1P,0,ok,rejected,15540,,2438,10
20260919T171012.079ZZ_01M2XAB8BFZ3PPBB6WZZ5Q5B1K_MultipleChoiceQuiz_seed1293_attempt0_response.json,2026-09-19T17:10:12.078279257Z,MultipleChoiceQuiz,01M2XA9J286EH770Z7FXGMB7TE,0,ok,ok,16656,,2689,5
20260919T171014.505ZZ_01M2XABAQ9C7R1Z6FG40JY11XN_EssayQuiz_seed1293_attempt0_response.json,2026-09-19T17:10:14.504888759Z,EssayQuiz,01M2XA9J286EH770Z7FXGMB7TE,0,ok,ok,17358,,1726,5
20260919T171015.895ZZ_01M2XABC2Q3X1P7V3TRRCMBXYV_CompletionQuiz_seed1293_attempt0_response.json,2026-09-19T17:10:15.895494273Z,CompletionQuiz,01M2XA9J286EH770Z7FXGMB7TE,0,ok,rejected,14531,,1175,5
20260919T171017.862ZZ_01M2XABE06X63B4GHV2K08P83W_MultipleChoiceQuiz_seed1297_attempt0_response.json,2026-09-19T17:10:17.861262649Z,MultipleChoiceQuiz,01M2XA9J28G7TN6YHVBB6SG7CM,0,ok,ok,14429,,3113,4
20260919T171018.399ZZ_01M2XABEGZPK63F3KDR9APHMQ5_CompletionQuiz_seed1254_attempt0_response.json,2026-09-19T17:10:18.398916896Z,CompletionQuiz,01M2XA9J27PY3ZBHV2RYHFH9M7,0,error,,61817,429_rate_limited,0,
20260919T171021.181ZZ_01M2XABH7XFB8C82KSP641PYSH_MultipleChoiceQuiz_seed1289_attempt0_response.json,2026-09-19T17:10:21.180175391Z,MultipleChoiceQuiz,01M2XA9J28CPSHZ3744325YA1P,0,ok,ok,31514,,3171,5
20260919T171022.622ZZ_01M2XABJMYS0THC8P5TPFCR7FC_CompletionQuiz_seed1297_attempt0_response.json,2026-09-19T17:10:22.622020615Z,CompletionQuiz,01M2XA9J28G7TN6YHVBB6SG7CM,0,ok,rejected,13890,,1462,5
20260919T171024.705ZZ_01M2XABMP10KJDVWSAXCSVF4RG_MultipleChoiceQuiz_seed1300_attempt0_response.json,2026-09-19T17:10:24.704742646Z,MultipleChoiceQuiz,01M2XA9J283SWDB26PHTGGZWT6,0,ok,ok,12620,,2631,5
20260919T171025.764ZZ_01M2XABNQ4RMZ0DSDTHX0ASVMV_MultipleChoiceQuiz_seed1262_attempt0_response.json,2026-09-19T17:10:25.764265726Z,MultipleChoiceQuiz,01M2XA9J271B4MKFWHZRBRVCT7,0,error,,69183,429_rate_limited,0,
20260919T171026.779ZZ_01M2XABPPV9WR8NAZKYK8RHY3R_EssayQuiz_seed1300_attempt0_response.json,2026-09-19T17:10:26.778772837Z,EssayQuiz,01M2XA9J283SWDB26PHTGGZWT6,0,ok,ok,12268,,2415,6
20260919T171027.729ZZ_01M2XABQMHGEBMAXAT012Q5GZ3_EssayQuiz_seed1262_attempt0_response.json,2026-09-19T17:10:27.729638984Z,EssayQuiz,01M2XA9J271B4MKFWHZRBRVCT7,0,error,,70294,429_rate_limited,0,
20260919T171027.896ZZ_01M2XABQSRWPF9SMT7Z6Y6D4S0_CompletionQuiz_seed1300_attempt0_response.json,2026-09-19T17:10:27.895505106Z,CompletionQuiz,01M2XA9J283SWDB26PHTGGZWT6,0,ok,rejected,11997,,819,3
20260919T171029.659ZZ_01M2XABSGV23JGBAFKN1P6F1F8_MultipleChoiceQuiz_seed1304_attempt0_response.json,2026-09-19T17:10:29.658483804Z,MultipleChoiceQuiz,01M2XA9J28YEQMP5G94KPGF551,0,ok,ok,11792,,2642,4
20260919T171031.322ZZ_01M2XABV4THJBF4N9EM7PJ1H7Y_EssayQuiz_seed1304_attempt0_response.json,2026-09-19T17:10:31.321103142Z,EssayQuiz,01M2XA9J28YEQMP5G94KPGF551,0,ok,ok,10136,,2133,4
20260919T171033.617ZZ_01M2XABXCHG4AMJ820ZNGZGFDA_CompletionQuiz_seed1304_attempt0_response.json,2026-09-19T17:10:33.616314666Z,CompletionQuiz,01M2XA9J28YEQMP5G94KPGF551,0,ok,rejected,10988,,2393,8
20260919T171035.098ZZ_01M2XABYTT6EVPB16189KT3X1Z_MultipleChoiceQuiz_seed1308_attempt0_response.json,2026-09-19T17:10:35.097995828Z,MultipleChoiceQuiz,01M2XA9J280RP7DY8JZYEEAJZB,0,ok,ok,10386,,2065,3
20260919T171036.221ZZ_01M2XABZXXTF2BT709JA3ZAVD9_EssayQuiz_seed1308_attempt0_response.json,2026-09-19T17:10:36.22059165Z,EssayQuiz,01M2XA9J280RP7DY8JZYEEAJZB,0,ok,ok,9439,,1251,3
20260919T171037.495ZZ_01M2XAC15QSKGW905G7TRZ9CMR_CompletionQuiz_seed1308_attempt0_response.json,2026-09-19T17:10:37.495289183Z,CompletionQuiz,01M2XA9J280RP7DY8JZYEEAJZB,0,ok,rejected,9596,,1374,5
20260919T171039.426ZZ_01M2XAC322KAYRDCHMYX3W2SAC_MultipleChoiceQuiz_seed1312_attempt0_response.json,2026-09-19T17:10:39.425482038Z,MultipleChoiceQuiz,01M2XA9J2881DPZ7Y0TT9XY9TF,0,ok,ok,9761,,2777,4
20260919T171041.295ZZ_01M2XAC4WF38C4PPMAHBS1VQPH_EssayQuiz_seed1312_attempt0_response.json,2026-09-19T17:10:41.295081708Z,EssayQuiz,01M2XA9J2881DPZ7Y0TT9XY9TF,0,ok,ok,9968,,2708,5
20260919T171043.097ZZ_01M2XAC6MSJG9G9F1V8703VWZY_CompletionQuiz_seed1312_attempt0_response.json,2026-09-19T17:10:43.096425893Z,CompletionQuiz,01M2XA9J2881DPZ7Y0TT9XY9TF,0,ok,rejected,9476,,2317,9
20260919T171043.907ZZ_01M2XAC7E3HCQ1NQJ491DX9MME_MultipleChoiceQuiz_seed1316_attempt0_response.json,2026-09-19T17:10:43.907029273Z,MultipleChoiceQuiz,01M2XA9J28FXWST9S07E579EQR,0,ok,ok,8806,,1017,2
20260919T171044.706ZZ_01M2XAC872FHPHH2JZJBR7YGK5_EssayQuiz_seed1316_attempt0_response.json,2026-09-19T17:10:44.70605816Z,EssayQuiz,01M2XA9J28FXWST9S07E579EQR,0,ok,ok,8480,,623,1
20260919T171045.979ZZ_01M2XAC9EVSH61TSPT64V8AC7J_CompletionQuiz_seed1316_attempt0_response.json,2026-09-19T17:10:45.979075051Z,CompletionQuiz,01M2XA9J28FXWST9S07E579EQR,0,ok,rejected,8480,,1015,4
20260919T171049.693ZZ_01M2XACD2XRX1P38MMGNZR09Z3_MultipleChoiceQuiz_seed1320_attempt0_response.json,2026-09-19T17:10:49.692203659Z,MultipleChoiceQuiz,01M2XA9J286WB20HYMZ9YAB8CE,0,ok,ok,10261,,2191,3
20260919T171052.582ZZ_01M2XACFX640909770BXW8YXWJ_EssayQuiz_seed1262_attempt0_response.json,2026-09-19T17:10:52.582359678Z,EssayQuiz,01M2XA9J271B4MKFWHZRBRVCT7,0,ok,ok,95147,,1241,3
20260919T171054.614ZZ_01M2XACHWPZBJANKEW8THPS560_CompletionQuiz_seed1320_attempt0_response.json,2026-09-19T17:10:54.613798998Z,CompletionQuiz,01M2XA9J286WB20HYMZ9YAB8CE,0,ok,rejected,11514,,1994,7
20260919T171056.704ZZ_01M2XACKY0R00ECE489HM5S6AE_MultipleChoiceQuiz_seed1323_attempt0_response.json,2026-09-19T17:10:56.704070016Z,MultipleChoiceQuiz,01M2XA9J28DX5C68NHH12E1JVY,0,ok,ok,12791,,1856,3
20260919T171057.663ZZ_01M2XACMVZ2KEWX75BAF5RHZ4Z_EssayQuiz_seed1323_attempt0_response.json,2026-09-19T17:10:57.663163694Z,EssayQuiz,01M2XA9J28DX5C68NHH12E1JVY,0,ok,ok,12953,,1095,2
20260919T171058.943ZZ_01M2XACP3ZR1PBG1E4VJJVABTV_CompletionQuiz_seed1323_attempt0_response.json,2026-09-19T17:10:58.942339641Z,CompletionQuiz,01M2XA9J28DX5C68NHH12E1JVY,0,ok,rejected,12960,,1188,5
20260919T171100.547ZZ_01M2XACQP3CW6X72S18ASD15VT_MultipleChoiceQuiz_seed1327_attempt0_response.json,2026-09-19T17:11:00.546676794Z,MultipleChoiceQuiz,01M2XA9J2807A1YRVB1RA2SZ7R,0,ok,ok,10848,,2244,3
20260919T171101.878ZZ_01M2XACRZP3ZEJRYVCQAS5WQWA_EssayQuiz_seed1320_attempt0_response.json,2026-09-19T17:11:01.878389586Z,EssayQuiz,01M2XA9J286WB20HYMZ9YAB8CE,0,ok,ok,20581,,1099,3
20260919T171104.534ZZ_01M2XACVJPZAW160BRFZ49S8JY_CompletionQuiz_seed1327_attempt0_response.json,2026-09-19T17:11:04.534050757Z,CompletionQuiz,01M2XA9J2807A1YRVB1RA2SZ7R,0,ok,rejected,9918,,1703,6
20260919T171106.480ZZ_01M2XACXFGKE4SHCRGMM91KMVY_MultipleChoiceQuiz_seed1331_attempt0_response.json,2026-09-19T17:11:06.479906476Z,MultipleChoiceQuiz,01M2XA9J28QB57JQ4JBCADHG9H,0,ok,ok,9770,,2526,4
20260919T171108.497ZZ_01M2XACZEH5370TG0ZTJ9WGY0E_EssayQuiz_seed1331_attempt0_response.json,2026-09-19T17:11:08.496640454Z,EssayQuiz,01M2XA9J28QB57JQ4JBCADHG9H,0,ok,ok,10830,,1659,3
20260919T171110.368ZZ_01M2XAD19088PZNEC45DM1NY7C_EssayQuiz_seed1297_attempt0_response.json,2026-09-19T17:11:10.367745436Z,EssayQuiz,01M2XA9J28G7TN6YHVBB6SG7CM,0,error,,64320,429_rate_limited,0,
20260919T171111.115ZZ_01M2XAD20BV5J8W3RC767VBTMX_CompletionQuiz_seed1331_attempt0_response.json,2026-09-19T17:11:11.115034898Z,CompletionQuiz,01M2XA9J28QB57JQ4JBCADHG9H,0,ok,rejected,12169,,2047,8
20260919T171122.369ZZ_01M2XADD01CC2DF88ZG4GZGA3M_MultipleChoiceQuiz_seed1262_attempt1_response.json,2026-09-19T17:11:22.36957327Z,MultipleChoiceQuiz,01M2XA9J271B4MKFWHZRBRVCT7,1,error,,125788,429_rate_limited,0,
20260919T171122.626ZZ_01M2XADD82V8VS8Z0D9QTYFP70_MultipleChoiceQuiz_seed1335_attempt0_response.json,2026-09-19T17:11:22.625578763Z,MultipleChoiceQuiz,01M2XA9J28TT4WBB8099EBT24D,0,ok,ok,22075,,3772,5
20260919T171124.843ZZ_01M2XADFDBA5Z7ZGS1BPDTDWRA_EssayQuiz_seed1335_attempt0_response.json,2026-09-19T17:11:24.841936795Z,EssayQuiz,01M2XA9J28TT4WBB8099EBT24D,0,ok,ok,22960,,2909,4
20260919T171127.418ZZ_01M2XADHXT90Z3V2ADEE8V8291_CompletionQuiz_seed1335_attempt0_response.json,2026-09-19T17:11:27.417881079Z,CompletionQuiz,01M2XA9J28TT4WBB8099EBT24D,0,ok,rejected,22877,,3087,11
20260919T171129.084ZZ_01M2XADKHWVV4940JDQXC278CH_CompletionQuiz_seed1254_attempt1_response.json,2026-09-19T17:11:29.084148236Z,CompletionQuiz,01M2XA9J27PY3ZBHV2RYHFH9M7,1,error,,132503,429_rate_limited,0,
20260919T171129.192ZZ_01M2XADKN8BYS56DC11JGJYF2T_MultipleChoiceQuiz_seed1339_attempt0_response.json,2026-09-19T17:11:29.191092655Z,MultipleChoiceQuiz,01M2XA9J28KG47AS9936TYJPM1,0,ok,ok,22708,,2681,4
20260919T171131.885ZZ_01M2XADP9D90QH1PZX5SPW4Q7Q_EssayQuiz_seed1339_attempt0_response.json,2026-09-19T17:11:31.885334438Z,EssayQuiz,01M2XA9J28KG47AS9936TYJPM1,0,ok,ok,23385,,1431,3
20260919T171134.935ZZ_01M2XADS8QR104P3KEGYSZYMBB_EssayQuiz_seed1297_attempt0_response.json,2026-09-19T17:11:34.934326861Z,EssayQuiz,01M2XA9J28G7TN6YHVBB6SG7CM,0,ok,ok,88886,,2827,5
20260919T171137.334ZZ_01M2XADVKPVXDNNN2VGVR0CFE9_MultipleChoiceQuiz_seed1343_attempt0_response.json,2026-09-19T17:11:37.334077052Z,MultipleChoiceQuiz,01M2XA9J28F3YKKPWESG2XPDQW,0,ok,ok,14703,,1830,3
20260919T171138.623ZZ_01M2XADWVZBHP37GJJE62Q4XXN_EssayQuiz_seed1343_attempt0_response.json,2026-09-19T17:11:38.622673816Z,EssayQuiz,01M2XA9J28F3YKKPWESG2XPDQW,0,ok,ok,13776,,1119,3
20260919T171140.216ZZ_01M2XADYDRY1M3NQGCKE08YF8Y_CompletionQuiz_seed1343_attempt0_response.json,2026-09-19T17:11:40.216290227Z,CompletionQuiz,01M2XA9J28F3YKKPWESG2XPDQW,0,ok,rejected,12794,,1211,5
20260919T171142.314ZZ_01M2XAE0FAH7KX45KCABDS6FQG_MultipleChoiceQuiz_seed1346_attempt0_response.json,2026-09-19T17:11:42.313418467Z,MultipleChoiceQuiz,01M2XA9J288WVCM5VQ7VMK62R9,0,ok,ok,13118,,2532,4
20260919T171143.734ZZ_01M2XAE1VPZ1B854VHGWRFCCSQ_EssayQuiz_seed1346_attempt0_response.json,2026-09-19T17:11:43.733874601Z,EssayQuiz,01M2XA9J288WVCM5VQ7VMK62R9,0,ok,ok,11844,,1420,3
20260919T171145.014ZZ_01M2XAE33P87N2VHY7KSP0P8EV_CompletionQuiz_seed1346_attempt0_response.json,2026-09-19T17:11:45.013602312Z,CompletionQuiz,01M2XA9J288WVCM5VQ7VMK62R9,0,ok,rejected,10074,,1338,5
20260919T171147.735ZZ_01M2XAE5RQVG0ZF5RXVMX6VQR1_MultipleChoiceQuiz_seed1350_attempt0_response.json,2026-09-19T17:11:47.734294475Z,MultipleChoiceQuiz,01M2XA9J28FXGMFTNK0WJEA0EW,0,ok,ok,10395,,2937,4
20260919T171149.185ZZ_01M2XAE762B7F2X0TBZH09EBP6_EssayQuiz_seed1350_attempt0_response.json,2026-09-19T17:11:49.185414204Z,EssayQuiz,01M2XA9J28FXGMFTNK0WJEA0EW,0,ok,ok,10559,,2246,4
20260919T171150.457ZZ_01M2XAE8DSM1P5QFS43Q3CN626_CompletionQuiz_seed1350_attempt0_response.json,2026-09-19T17:11:50.456922357Z,CompletionQuiz,01M2XA9J28FXGMFTNK0WJEA0EW,0,ok,rejected,10238,,1657,6
20260919T171151.921ZZ_01M2XAE9VHZ2XJA6ZR3QB5N3PE_EssayQuiz_seed1327_attempt0_response.json,2026-09-19T17:11:51.92145427Z,EssayQuiz,01M2XA9J2807A1YRVB1RA2SZ7R,0,error,,59335,429_rate_limited,0,
20260919T171153.229ZZ_01M2XAEB4DD3H0WVX5M6B4FZ7W_MultipleChoiceQuiz_seed1262_attempt0_response.json,2026-09-19T17:11:53.229223876Z,MultipleChoiceQuiz,01M2XA9J271B4MKFWHZRBRVCT7,0,ok,ok,156648,,2061,3
20260919T171155.255ZZ_01M2XAED3Q86TW4VHDHBANQVFR_EssayQuiz_seed1354_attempt0_response.json,2026-09-19T17:11:55.254704034Z,EssayQuiz,01M2XA9J28MSXV9T15PWVKDVZR,0,ok,ok,11517,,2187,5
20260919T171156.545ZZ_01M2XAEEC1QX344FNXYE3Z5XEJ_CompletionQuiz_seed1354_attempt0_response.json,2026-09-19T17:11:56.544875179Z,CompletionQuiz,01M2XA9J28MSXV9T15PWVKDVZR,0,ok,rejected,11528,,1768,7
20260919T171158.615ZZ_01M2XAEGCQZ0BPKJN69D67D06X_MultipleChoiceQuiz_seed1359_attempt0_response.json,2026-09-19T17:11:58.614599165Z,MultipleChoiceQuiz,01M2XA9J284X2T4XNZYP9YDPQ1,0,ok,ok,10873,,2903,5
20260919T171159.442ZZ_01M2XAEH6JB8DP52GXGYZP5DQD_CompletionQuiz_seed1339_attempt0_response.json,2026-09-19T17:11:59.442181665Z,CompletionQuiz,01M2XA9J28KG47AS9936TYJPM1,0,error,,48323,429_rate_limited,0,
20260919T171200.787ZZ_01M2XAEJGK91XHT916HTT18BGV_EssayQuiz_seed1359_attempt0_response.json,2026-09-19T17:12:00.786182063Z,EssayQuiz,01M2XA9J284X2T4XNZYP9YDPQ1,0,ok,ok,11594,,3739,6
20260919T171202.614ZZ_01M2XAEM9PN53T4ZMNE43EEF2A_CompletionQuiz_seed1359_attempt0_response.json,2026-09-19T17:12:02.61336323Z,CompletionQuiz,01M2XA9J284X2T4XNZYP9YDPQ1,0,ok,rejected,12153,,2666,10
20260919T171204.630ZZ_01M2XAEP8PVAY788J6GY59S61D_MultipleChoiceQuiz_seed1363_attempt0_response.json,2026-09-19T17:12:04.629777873Z,MultipleChoiceQuiz,01M2XA9J282VZQK8Q3CCWV70TE,0,ok,ok,11394,,3192,4
20260919T171205.821ZZ_01M2XAEQDXVCR4ZPETBFNJWYQV_EssayQuiz_seed1363_attempt0_response.json,2026-09-19T17:12:05.82093529Z,EssayQuiz,01M2XA9J282VZQK8Q3CCWV70TE,0,ok,ok,10562,,1295,3
20260919T171206.977ZZ_01M2XAERJ1C0C5FGC4E07BXMD9_CompletionQuiz_seed1363_attempt0_response.json,2026-09-19T17:12:06.976202206Z,CompletionQuiz,01M2XA9J282VZQK8Q3CCWV70TE,0,ok,rejected,10427,,1421,5
20260919T171208.755ZZ_01M2XAET9K0SAMF61D01QHNZXZ_MultipleChoiceQuiz_seed1367_attempt0_response.json,2026-09-19T17:12:08.754768433Z,MultipleChoiceQuiz,01M2XA9J283FKMY96FW6XDN4P1,0,ok,ok,10135,,2387,3
20260919T171209.661ZZ_01M2XAEV5YYHCWPYQSFDBJT96A_EssayQuiz_seed1367_attempt0_response.json,2026-09-19T17:12:09.661502035Z,EssayQuiz,01M2XA9J283FKMY96FW6XDN4P1,0,ok,ok,8871,,1049,2
20260919T171211.253ZZ_01M2XAEWQNVDMYH10ZYM6X2BYS_CompletionQuiz_seed1367_attempt0_response.json,2026-09-19T17:12:11.253051049Z,CompletionQuiz,01M2XA9J283FKMY96FW6XDN4P1,0,ok,rejected,8635,,2125,7
20260919T171218.245ZZ_01M2XAF3J5719FSGTJJME6A5HT_MultipleChoiceQuiz_seed1370_attempt0_response.json,2026-09-19T17:12:18.244368082Z,MultipleChoiceQuiz,01M2XA9J29XP9KBR9EP4M4RTJP,0,ok,ok,13609,,2396,3
20260919T171218.687ZZ_01M2XAF3ZZXFVW0SAD2RDGM3Y0_EssayQuiz_seed1370_attempt0_response.json,2026-09-19T17:12:18.687049895Z,EssayQuiz,01M2XA9J29XP9KBR9EP4M4RTJP,0,ok,ok,12863,,1671,3
20260919T171220.958ZZ_01M2XAF66Y6V6J2F28HJ22Y7DR_CompletionQuiz_seed1370_attempt0_response.json,2026-09-19T17:12:20.957296818Z,CompletionQuiz,01M2XA9J29XP9KBR9EP4M4RTJP,0,ok,rejected,13977,,2015,7
20260919T171223.076ZZ_01M2XAF894WD6BEKYJQXK78T66_MultipleChoiceQuiz_seed1354_attempt0_response.json,2026-09-19T17:12:23.076109571Z,MultipleChoiceQuiz,01M2XA9J28MSXV9T15PWVKDVZR,0,ok,ok,40757,,2651,4
20260919T171223.166ZZ_01M2XAF8BYE43CKFR8NT2EYRPC_CompletionQuiz_seed1254_attempt2_response.json,2026-09-19T17:12:23.166703182Z,CompletionQuiz,01M2XA9J27PY3ZBHV2RYHFH9M7,2,error,,186585,429_rate_limited,0,
20260919T171226.762ZZ_01M2XAFBWA3HSKPHNCFJYPHMRH_EssayQuiz_seed1374_attempt0_response.json,2026-09-19T17:12:26.762078427Z,EssayQuiz,01M2XA9J29MN5B4WZ7MRWBM10B,0,ok,ok,17096,,2010,4
20260919T171228.436ZZ_01M2XAFDGMJ6C19FNXAF8ZV9C0_CompletionQuiz_seed1374_attempt0_response.json,2026-09-19T17:12:28.435574026Z,CompletionQuiz,01M2XA9J29MN5B4WZ7MRWBM10B,0,ok,rejected,17179,,1576,6
20260919T171229.801ZZ_01M2XAFEV90YAZNTAES7ZVSH0R_EssayQuiz_seed1327_attempt0_response.json,2026-09-19T17:12:29.800863679Z,EssayQuiz,01M2XA9J2807A1YRVB1RA2SZ7R,0,ok,ok,97214,,1136,2
20260919T171231.246ZZ_01M2XAFG8EKYSH34A1C7TQCEAX_EssayQuiz_seed1378_attempt0_response.json,2026-09-19T17:12:31.246059648Z,EssayQuiz,01M2XA9J292DND2DJX0XN8N67C,0,ok,ok,12556,,1593,3
20260919T171240.945ZZ_01M2XAFSQJKCPMR448N4AXMJXZ_CompletionQuiz_seed1378_attempt0_response.json,2026-09-19T17:12:40.944771213Z,CompletionQuiz,01M2XA9J292DND2DJX0XN8N67C,0,ok,rejected,19982,,1106,4
20260919T171243.816ZZ_01M2XAFWH8JBC2BBZCBG21WMVJ_MultipleChoiceQuiz_seed1382_attempt0_response.json,2026-09-19T17:12:43.815771679Z,MultipleChoiceQuiz,01M2XA9J29D7P9VED6E4MF6AZE,0,ok,ok,20734,,3640,6
20260919T171249.325ZZ_01M2XAG1XD2PYXKGJ5R6J3H2K9_CompletionQuiz_seed1382_attempt0_response.json,2026-09-19T17:12:49.323437229Z,CompletionQuiz,01M2XA9J29D7P9VED6E4MF6AZE,0,ok,rejected,22556,,8153,30
20260919T171249.622ZZ_01M2XAG26PPFQ9F166DFR9P60X_MultipleChoiceQuiz_seed1386_attempt0_response.json,2026-09-19T17:12:49.622096657Z,MultipleChoiceQuiz,01M2XA9J29AJV6JTSD5JPH9J5N,0,ok,skipped,21182,,17,0
20260919T171250.597ZZ_01M2XAG355HCYE5F9W23ZEQKVR_EssayQuiz_seed1386_attempt0_response.json,2026-09-19T17:12:50.597234103Z,EssayQuiz,01M2XA9J29AJV6JTSD5JPH9J5N,0,ok,skipped,20793,,21,0
20260919T171250.623ZZ_01M2XAG35ZH7P8PGXGSRHBDSQW_CompletionQuiz_seed1386_attempt0_response.json,2026-09-19T17:12:50.622931709Z,CompletionQuiz,01M2XA9J29AJV6JTSD5JPH9J5N,0,ok,rejected,19374,,21,0
20260919T171252.677ZZ_01M2XAG565HNCDH3N6T0GXGRHT_MultipleChoiceQuiz_seed1390_attempt0_response.json,2026-09-19T17:12:52.676046215Z,MultipleChoiceQuiz,01M2XA9J292EAST5PQXRA73QWN,0,ok,ok,11724,,2335,4
20260919T171254.116ZZ_01M2XAG6K4YP20CR5EDCG4TB3M_EssayQuiz_seed1390_attempt0_response.json,2026-09-19T17:12:54.115486334Z,EssayQuiz,01M2XA9J292EAST5PQXRA73QWN,0,ok,ok,10294,,1947,5
20260919T171256.035ZZ_01M2XAG8F3K439GST7WGSQ1GB3_CompletionQuiz_seed1390_attempt0_response.json,2026-09-19T17:12:56.035132025Z,CompletionQuiz,01M2XA9J292EAST5PQXRA73QWN,0,ok,rejected,6707,,1719,8
20260919T171257.535ZZ_01M2XAG9XZ8CX67GDGPTGGFQ7Z_MultipleChoiceQuiz_seed1393_attempt0_response.json,2026-09-19T17:12:57.53428986Z,MultipleChoiceQuiz,01M2XA9J29Q2BKVXCGWG94ZAY4,0,ok,ok,7909,,2356,4
20260919T171259.238ZZ_01M2XAGBK6HVXV9AT6Y47C8CM0_MultipleChoiceQuiz_seed1378_attempt0_response.json,2026-09-19T17:12:59.238208751Z,MultipleChoiceQuiz,01M2XA9J292DND2DJX0XN8N67C,0,ok,ok,40988,,2036,3
20260919T171300.673ZZ_01M2XAGD012GJ6HPT3REDC3754_EssayQuiz_seed1393_attempt0_response.json,2026-09-19T17:13:00.673161648Z,EssayQuiz,01M2XA9J29Q2BKVXCGWG94ZAY4,0,ok,ok,10073,,1545,4
20260919T171301.175ZZ_01M2XAGDFQHAR0N55NX3EHAH07_CompletionQuiz_seed1339_attempt1_response.json,2026-09-19T17:13:01.175393396Z,CompletionQuiz,01M2XA9J28KG47AS9936TYJPM1,1,error,,110057,429_rate_limited,0,
20260919T171302.435ZZ_01M2XAGEQ3PTB4MCZ4K443DC88_MultipleChoiceQuiz_seed1397_attempt0_response.json,2026-09-19T17:13:02.435159075Z,MultipleChoiceQuiz,01M2XA9J29V0K6K152NHJKS8TS,0,ok,ok,9752,,2583,4
20260919T171304.035ZZ_01M2XAGG93JJ06ZYWMG70MZ7QZ_EssayQuiz_seed1397_attempt0_response.json,2026-09-19T17:13:04.034760387Z,EssayQuiz,01M2XA9J29V0K6K152NHJKS8TS,0,ok,ok,9915,,1241,3
20260919T171305.634ZZ_01M2XAGHV2E8BVNMM2M2SPK75P_CompletionQuiz_seed1397_attempt0_response.json,2026-09-19T17:13:05.634553716Z,CompletionQuiz,01M2XA9J29V0K6K152NHJKS8TS,0,ok,rejected,9596,,1461,7
20260919T171306.435ZZ_01M2XAGJM3GD4GGNSY38TNARCV_MultipleChoiceQuiz_seed1401_attempt0_response.json,2026-09-19T17:13:06.435154067Z,MultipleChoiceQuiz,01M2XA9J29DH8FJQJ3Y3Q1GZSF,0,ok,ok,8896,,402,1
20260919T171306.913ZZ_01M2XAGK31H7SW7R0AFBRATAB5_EssayQuiz_seed1401_attempt0_response.json,2026-09-19T17:13:06.91294808Z,EssayQuiz,01M2XA9J29DH8FJQJ3Y3Q1GZSF,0,ok,ok,7672,,307,1
20260919T171307.393ZZ_01M2XAGKJ1QMWTBBVN8N4PKX10_CompletionQuiz_seed1401_attempt0_response.json,2026-09-19T17:13:07.39325214Z,CompletionQuiz,01M2XA9J29DH8FJQJ3Y3Q1GZSF,0,ok,rejected,6718,,209,1
20260919T171309.001ZZ_01M2XAGN49F670S5K281BGKP53_MultipleChoiceQuiz_seed1405_attempt0_response.json,2026-09-19T17:13:09.000781408Z,MultipleChoiceQuiz,01M2XA9J29T81GGHEFGMVQX38B,0,ok,ok,6563,,2221,4
20260919T171310.192ZZ_01M2XAGP9GT7Z1W1WZHQ3NHCNV_EssayQuiz_seed1405_attempt0_response.json,2026-09-19T17:13:10.191738641Z,EssayQuiz,01M2XA9J29T81GGHEFGMVQX38B,0,ok,ok,6153,,1477,3
20260919T171311.486ZZ_01M2XAGQHYWG9JJRRXYVS66HJ3_CompletionQuiz_seed1405_attempt0_response.json,2026-09-19T17:13:11.486314971Z,CompletionQuiz,01M2XA9J29T81GGHEFGMVQX38B,0,ok,rejected,5850,,1631,7
20260919T171313.638ZZ_01M2XAGSN6DZJ0H5TAGGWYS7P0_MultipleChoiceQuiz_seed1409_attempt0_response.json,2026-09-19T17:13:13.637561672Z,MultipleChoiceQuiz,01M2XA9J29DMG1QKNJTE9HE3ST,0,ok,ok,7201,,2810,4
20260919T171315.501ZZ_01M2XAGVFD0CWHQR32CD8EAAXG_EssayQuiz_seed1409_attempt0_response.json,2026-09-19T17:13:15.501759812Z,EssayQuiz,01M2XA9J29DMG1QKNJTE9HE3ST,0,ok,ok,8587,,1046,3
20260919T171316.475ZZ_01M2XAGWDV4HV99HFPR8EFAT0A_MultipleChoiceQuiz_seed1374_attempt0_response.json,2026-09-19T17:13:16.475265527Z,MultipleChoiceQuiz,01M2XA9J29MN5B4WZ7MRWBM10B,0,error,,67715,429_rate_limited,0,
20260919T171317.135ZZ_01M2XAGX2FYTZ4438AED4KW2E8_CompletionQuiz_seed1409_attempt0_response.json,2026-09-19T17:13:17.135358633Z,CompletionQuiz,01M2XA9J29DMG1QKNJTE9HE3ST,0,ok,rejected,9739,,1285,5
20260919T171319.877ZZ_01M2XAGZR5M0B24Z1BP2NGGEJK_MultipleChoiceQuiz_seed1413_attempt0_response.json,2026-09-19T17:13:19.876521708Z,MultipleChoiceQuiz,01M2XA9J293AT1N2N1AR4DVWFH,0,ok,ok,10872,,3102,5
20260919T171321.474ZZ_01M2XAH1A2DR2PXFH5P443T8NF_EssayQuiz_seed1413_attempt0_response.json,2026-09-19T17:13:21.473445766Z,EssayQuiz,01M2XA9J293AT1N2N1AR4DVWFH,0,ok,ok,11277,,2264,4
20260919T171324.834ZZ_01M2XAH4K2APYV9MH73NZ0DY56_CompletionQuiz_seed1413_attempt0_response.json,2026-09-19T17:13:24.834086206Z,CompletionQuiz,01M2XA9J293AT1N2N1AR4DVWFH,0,ok,rejected,13345,,3036,12
20260919T171326.274ZZ_01M2XAH6024KQYFTW0Y1EA0JEN_MultipleChoiceQuiz_seed1416_attempt0_response.json,2026-09-19T17:13:26.274187282Z,MultipleChoiceQuiz,01M2XA9J29SRZRAV846SF4KNYH,0,ok,ok,12632,,1270,2
20260919T171327.444ZZ_01M2XAH74M8W7ARE7G1SAS47KD_EssayQuiz_seed1416_attempt0_response.json,2026-09-19T17:13:27.44384101Z,EssayQuiz,01M2XA9J29SRZRAV846SF4KNYH,0,ok,ok,11940,,458,1
20260919T171328.085ZZ_01M2XAH7RNT7AYGGYTP2V9JT3P_CompletionQuiz_seed1416_attempt0_response.json,2026-09-19T17:13:28.085022718Z,CompletionQuiz,01M2XA9J29SRZRAV846SF4KNYH,0,ok,rejected,10948,,596,2
20260919T171328.451ZZ_01M2XAH8438G6Q82TZ4PH5A0CH_MultipleChoiceQuiz_seed1420_attempt0_response.json,2026-09-19T17:13:28.451091821Z,MultipleChoiceQuiz,01M2XA9J29TT8E1ZXTCFD3W94R,0,ok,skipped,8571,,17,0
20260919T171328.812ZZ_01M2XAH8FCX0XHMDKTNW4XH0YM_EssayQuiz_seed1420_attempt0_response.json,2026-09-19T17:13:28.812318907Z,EssayQuiz,01M2XA9J29TT8E1ZXTCFD3W94R,0,ok,skipped,7336,,21,0
20260919T171329.476ZZ_01M2XAH944978Y83E5NJTYHA11_CompletionQuiz_seed1420_attempt0_response.json,2026-09-19T17:13:29.475746856Z,CompletionQuiz,01M2XA9J29TT8E1ZXTCFD3W94R,0,ok,rejected,4639,,21,0
20260919T171331.566ZZ_01M2XAHB5EXSBTK3ED0CC8MQ0B_MultipleChoiceQuiz_seed1424_attempt0_response.json,2026-09-19T17:13:31.566511347Z,MultipleChoiceQuiz,01M2XA9J294S861XE9CHD4S3JQ,0,ok,ok,5288,,2192,4
20260919T171333.153ZZ_01M2XAHCQ13F5B1VXR6JZ6K18J_EssayQuiz_seed1424_attempt0_response.json,2026-09-19T17:13:33.153294913Z,EssayQuiz,01M2XA9J294S861XE9CHD4S3JQ,0,ok,ok,5706,,1455,3
20260919T171334.339ZZ_01M2XAHDW3CT80RBCSFB35RWRW_EssayQuiz_seed1382_attempt0_response.json,2026-09-19T17:13:34.33932621Z,EssayQuiz,01M2XA9J29D7P9VED6E4MF6AZE,0,error,,71170,429_rate_limited,0,
20260919T171334.858ZZ_01M2XAHECAQD9H0XB7H57S8AA2_CompletionQuiz_seed1424_attempt0_response.json,2026-09-19T17:13:34.857940264Z,CompletionQuiz,01M2XA9J294S861XE9CHD4S3JQ,0,ok,rejected,6771,,1692,8
20260919T171336.450ZZ_01M2XAHFY20RB0QQ7YW6BK0P86_CompletionQuiz_seed1339_attempt0_response.json,2026-09-19T17:13:36.450345186Z,CompletionQuiz,01M2XA9J28KG47AS9936TYJPM1,0,ok,rejected,145332,,1551,5
20260919T171338.593ZZ_01M2XAHJ12AFA73MYT4MNK0E1J_EssayQuiz_seed1428_attempt0_response.json,2026-09-19T17:13:38.593403256Z,EssayQuiz,01M2XA9J29MT38KW40NBMBQ1KN,0,ok,ok,9778,,3190,5
20260919T171341.315ZZ_01M2XAHMP3EGSEA8GMQ68V162T_CompletionQuiz_seed1428_attempt0_response.json,2026-09-19T17:13:41.314774612Z,CompletionQuiz,01M2XA9J29MT38KW40NBMBQ1KN,0,ok,rejected,11835,,2264,8
20260919T171343.718ZZ_01M2XAHQ1644TSSBQBZT8CAY2Z_MultipleChoiceQuiz_seed1432_attempt0_response.json,2026-09-19T17:13:43.717208835Z,MultipleChoiceQuiz,01M2XA9J2955WGCN4B3D6BGPCP,0,ok,ok,12148,,3163,5
20260919T171345.952ZZ_01M2XAHS70EYWS7RCEN62TD7FM_EssayQuiz_seed1432_attempt0_response.json,2026-09-19T17:13:45.952350209Z,EssayQuiz,01M2XA9J2955WGCN4B3D6BGPCP,0,ok,ok,12796,,3167,6
20260919T171348.034ZZ_01M2XAHV82Y2D59MCVRYM7YJ10_CompletionQuiz_seed1432_attempt0_response.json,2026-09-19T17:13:48.033640919Z,CompletionQuiz,01M2XA9J2955WGCN4B3D6BGPCP,0,ok,rejected,13170,,2466,10
20260919T171348.992ZZ_01M2XAHW60D9SZTBXTZJ6ZJQRF_CompletionQuiz_seed1393_attempt0_response.json,2026-09-19T17:13:48.992043506Z,CompletionQuiz,01M2XA9J29Q2BKVXCGWG94ZAY4,0,ok,rejected,58367,,1155,5
20260919T171350.915ZZ_01M2XAHY23ECCBYCRW8RJATP1X_MultipleChoiceQuiz_seed1428_attempt0_response.json,2026-09-19T17:13:50.914290485Z,MultipleChoiceQuiz,01M2XA9J29MT38KW40NBMBQ1KN,0,ok,ok,22461,,2503,4
20260919T171353.139ZZ_01M2XAJ07KPCEWZ3TPG16SFCXQ_MultipleChoiceQuiz_seed1374_attempt0_response.json,2026-09-19T17:13:53.137304509Z,MultipleChoiceQuiz,01M2XA9J29MN5B4WZ7MRWBM10B,0,ok,ok,104377,,2968,4
20260919T171356.785ZZ_01M2XAJ3SHD61HY0BWMKYMEBTX_EssayQuiz_seed1382_attempt0_response.json,2026-09-19T17:13:56.785305495Z,EssayQuiz,01M2XA9J29D7P9VED6E4MF6AZE,0,ok,ok,93616,,2276,5
20260919T171403.790ZZ_01M2XAJAMEYWPGXQAHCHCSZA42_Summary_seed1234_attempt0_response.json,2026-09-19T17:14:03.789587476Z,Summary,"01M2XA9J27R3XTKK1YG7VYHE05,01M2XA9J27NMWZGDHDRTAHA06E,01M2XA9J27R6TDNXBDJ8YVENX4,01M2XA9J27PY3ZBHV2RYHFH9M7,01M2XA9J27E72AFY07BZ6JKA5R,01M2XA9J27BJFY5C7T0A693XXQ,01M2XA9J27SEP3A9KZYF0ZFZDA,01M2XA9J27ER6NJ61GF6J04420,01M2XA9J2746N7SKASY0ANKR9W,01M2XA9J27QJ7BNH4WN9ESJXZX,01M2XA9J27G7YERJASAWXZY7YY,01M2XA9J271B4MKFWHZRBRVCT7,01M2XA9J27DC0P1GFCK7N7PGHG,01M2XA9J279QFMRMSZRDDMCXM9,01M2XA9J27AN76EJZKSXWM4CNQ,01M2XA9J27PJKMRMWNCF942Q52,01M2XA9J28HBC1Q8BSSA6R56D3",0,ok,rejected,6575,,3931,0
20260919T171409.196ZZ_01M2XAJFXCT7TQAXTGEHYD8PY1_MindMap_seed1235_attempt0_response.json,2026-09-19T17:14:09.195322768Z,MindMap,"01M2XA9J27R3XTKK1YG7VYHE05,01M2XA9J27NMWZGDHDRTAHA06E,01M2XA9J27R6TDNXBDJ8YVENX4,01M2XA9J27PY3ZBHV2RYHFH9M7,01M2XA9J27E72AFY07BZ6JKA5R,01M2XA9J27BJFY5C7T0A693XXQ,01M2XA9J27SEP3A9KZYF0ZFZDA,01M2XA9J27ER6NJ61GF6J04420,01M2XA9J2746N7SKASY0ANKR9W,01M2XA9J27QJ7BNH4WN9ESJXZX,01M2XA9J27G7YERJASAWXZY7YY,01M2XA9J271B4MKFWHZRBRVCT7,01M2XA9J27DC0P1GFCK7N7PGHG,01M2XA9J279QFMRMSZRDDMCXM9,01M2XA9J27AN76EJZKSXWM4CNQ,01M2XA9J27PJKMRMWNCF942Q52,01M2XA9J28HBC1Q8BSSA6R56D3",0,ok,rejected,11981,,9282,parse_fail
